# ************************************************************
# Sequel Pro SQL dump
# Version 4096
#
# http://www.sequelpro.com/
# http://code.google.com/p/sequel-pro/
#
# Host: 127.0.0.1 (MySQL 5.5.25)
# Database: evolveorigin
# Generation Time: 2013-10-04 17:05:03 +0000
# ************************************************************


/*!40101 SET @OLD_CHARACTER_SET_CLIENT=@@CHARACTER_SET_CLIENT */;
/*!40101 SET @OLD_CHARACTER_SET_RESULTS=@@CHARACTER_SET_RESULTS */;
/*!40101 SET @OLD_COLLATION_CONNECTION=@@COLLATION_CONNECTION */;
/*!40101 SET NAMES utf8 */;
/*!40014 SET @OLD_FOREIGN_KEY_CHECKS=@@FOREIGN_KEY_CHECKS, FOREIGN_KEY_CHECKS=0 */;
/*!40101 SET @OLD_SQL_MODE=@@SQL_MODE, SQL_MODE='NO_AUTO_VALUE_ON_ZERO' */;
/*!40111 SET @OLD_SQL_NOTES=@@SQL_NOTES, SQL_NOTES=0 */;


# Dump of table login_tokens
# ------------------------------------------------------------

DROP TABLE IF EXISTS `login_tokens`;

CREATE TABLE `login_tokens` (
  `id` int(11) NOT NULL AUTO_INCREMENT,
  `user_id` int(11) NOT NULL,
  `token` char(32) NOT NULL,
  `duration` varchar(32) NOT NULL,
  `used` tinyint(1) NOT NULL DEFAULT '0',
  `created` datetime NOT NULL,
  `expires` datetime NOT NULL,
  PRIMARY KEY (`id`)
) ENGINE=MyISAM DEFAULT CHARSET=utf8;

LOCK TABLES `login_tokens` WRITE;
/*!40000 ALTER TABLE `login_tokens` DISABLE KEYS */;

INSERT INTO `login_tokens` (`id`, `user_id`, `token`, `duration`, `used`, `created`, `expires`)
VALUES
	(106,1,'bfdb69647925faced2d0970ba144a16a','2 weeks',1,'2013-04-17 14:34:02','2013-05-01 14:34:02'),
	(105,1,'e950a5b3266410dc63069abde1d6b50d','2 weeks',1,'2013-04-17 10:31:51','2013-05-01 10:31:51'),
	(104,1,'c60c6ecb063dfcb760ad8511943054f1','2 weeks',1,'2013-04-16 21:46:50','2013-04-30 21:46:50'),
	(4,2,'9326090b485b1de704b59508d7a5278c','2 weeks',0,'2013-03-15 20:19:48','2013-03-29 20:19:48'),
	(103,1,'baa1214d38aa3b4f85dd62f3241cfcb4','2 weeks',1,'2013-04-16 17:40:07','2013-04-30 17:40:07'),
	(102,0,'fe576c45b8a4ab2415168ae0bab94163','2 weeks',0,'2013-04-16 16:14:28','2013-04-30 16:14:28'),
	(101,1,'460e7d7ebf40bd7b06ec9209c6191549','2 weeks',1,'2013-04-16 14:37:01','2013-04-30 14:37:01'),
	(100,1,'c12018a9589c9b93d7747f69e00b1c13','2 weeks',1,'2013-04-16 13:29:53','2013-04-30 13:29:53'),
	(99,1,'ca1a648a6dce146502e9b5a2eff2a0a0','2 weeks',1,'2013-04-16 10:36:15','2013-04-30 10:36:15'),
	(98,1,'57d9ab40d2fb6099091685d048c68972','2 weeks',1,'2013-04-16 10:19:42','2013-04-30 10:19:42'),
	(97,0,'1473b3cbcfca49b9dec4ef603a867c29','2 weeks',0,'2013-04-15 21:23:46','2013-04-29 21:23:46'),
	(96,1,'4613aca0aa6148c556eb3241d00733c0','2 weeks',1,'2013-04-15 20:52:24','2013-04-29 20:52:24'),
	(95,0,'2369005bb2ad8cffcece68671ac93edd','2 weeks',0,'2013-04-15 15:18:54','2013-04-29 15:18:54'),
	(94,1,'a4b02e0c2d56b1800a5d5912a09d7cfd','2 weeks',1,'2013-04-15 14:48:18','2013-04-29 14:48:18'),
	(93,1,'a86f33b606f6413c2852e1efbbbbf6ed','2 weeks',1,'2013-04-15 10:43:12','2013-04-29 10:43:12'),
	(92,1,'545872749ac3616ebf5fc474a40d3c7f','2 weeks',1,'2013-04-14 22:37:38','2013-04-28 22:37:38'),
	(91,0,'a38dc84c7014afd4206a3c2d43b93657','2 weeks',0,'2013-04-14 20:11:40','2013-04-28 20:11:40'),
	(90,0,'6026e8b980f9e7653455288bebddabe3','2 weeks',0,'2013-04-14 20:11:40','2013-04-28 20:11:40'),
	(89,1,'c4eaa3caa06a960d6b7e5940b1b1435e','2 weeks',1,'2013-04-14 18:12:20','2013-04-28 18:12:20'),
	(88,1,'592c57509a0368ceb09a1935d0ef0c8b','2 weeks',1,'2013-04-14 10:57:26','2013-04-28 10:57:26'),
	(87,1,'2eed92df5a2db179f21c5fd4d1b87acf','2 weeks',1,'2013-04-14 01:01:13','2013-04-28 01:01:13'),
	(86,1,'e80ff7fa9f934c66ee0feee5117390a4','2 weeks',1,'2013-04-13 21:01:13','2013-04-27 21:01:13'),
	(85,1,'098bb3e3f6586f9d23c7aca721be5026','2 weeks',1,'2013-04-12 13:40:25','2013-04-26 13:40:25'),
	(84,0,'afe31e274a769368cc7ebd5b8e536ff3','2 weeks',0,'2013-04-12 13:35:58','2013-04-26 13:35:58'),
	(83,1,'4fd4e49cf10e8fc3e13b768959aa7ae1','2 weeks',1,'2013-04-12 10:19:14','2013-04-26 10:19:14'),
	(82,1,'6d5f36dc912557818a1c4011222cc82b','2 weeks',1,'2013-04-12 09:39:53','2013-04-26 09:39:53'),
	(81,0,'ff819ace9603ddc7ee1bf68e085b3414','2 weeks',0,'2013-04-11 21:33:20','2013-04-25 21:33:20'),
	(28,0,'dba5b9b110f393ba381f094d9b16ba92','2 weeks',0,'2013-03-24 22:28:46','2013-04-07 22:28:46'),
	(80,1,'61ce7b57d2c548d90888655de052070a','2 weeks',1,'2013-04-11 20:49:29','2013-04-25 20:49:29'),
	(79,1,'59a8eb6ad4b9be5ccc7176e063ffbaa0','2 weeks',1,'2013-04-11 16:43:19','2013-04-25 16:43:19'),
	(78,1,'682598a70f6af880b185d00009aee87d','2 weeks',1,'2013-04-11 12:37:59','2013-04-25 12:37:59'),
	(32,0,'545a063f3f28ebda0992e7e853612f9d','2 weeks',0,'2013-03-25 19:47:21','2013-04-08 19:47:21'),
	(77,1,'1c9f41afcb6880e3352d7e7079c50e23','2 weeks',1,'2013-04-10 18:19:25','2013-04-24 18:19:25'),
	(76,1,'d702c0a8b7d640eb20245f1fe93b9f14','2 weeks',1,'2013-04-10 17:43:45','2013-04-24 17:43:45'),
	(75,1,'dea84a680837b20a8bbb8a494f8702d4','2 weeks',0,'2013-04-10 17:05:44','2013-04-24 17:05:44'),
	(74,1,'652b431840c31e43a35339e2ded54d8f','2 weeks',1,'2013-04-10 15:53:56','2013-04-24 15:53:56'),
	(73,1,'ad4af51eeafab5b4d82acee186d7a7a3','2 weeks',1,'2013-04-10 14:19:09','2013-04-24 14:19:09'),
	(72,1,'5fe9b2dc7cd1c32dc094bb7ff14ca04c','2 weeks',1,'2013-04-10 11:49:51','2013-04-24 11:49:51'),
	(71,1,'127633e795680ba8ddea035daa2f133f','2 weeks',1,'2013-04-10 10:28:41','2013-04-24 10:28:41'),
	(70,0,'21252aeee25aae5623f5209bff40b903','2 weeks',0,'2013-04-09 21:21:40','2013-04-23 21:21:40'),
	(69,0,'85414b0c42f0b53be38b8f3a3f251166','2 weeks',0,'2013-04-09 21:21:40','2013-04-23 21:21:40'),
	(68,1,'3598e6d82fbefefb1da44d87bdfdacdc','2 weeks',1,'2013-04-09 21:15:24','2013-04-23 21:15:24'),
	(67,0,'4c0f79e78d1e97e464d727fac1c56c6d','2 weeks',0,'2013-04-09 14:40:02','2013-04-23 14:40:02'),
	(66,1,'d787eb4ed8095b18781d6e49054b134c','2 weeks',1,'2013-04-09 14:20:15','2013-04-23 14:20:15'),
	(65,1,'fb94dee51f5c352a57d90b99e53531df','2 weeks',1,'2013-04-09 10:21:29','2013-04-23 10:21:29'),
	(46,0,'2312d724eb6560f2b9730973acc30beb','2 weeks',0,'2013-04-04 22:16:40','2013-04-18 22:16:40'),
	(47,0,'e74abac12789f2cd6b30a61891b79e66','2 weeks',0,'2013-04-04 22:16:40','2013-04-18 22:16:40'),
	(64,1,'605ebc1ee58c883ef7a6eb77f0bfa46a','2 weeks',1,'2013-04-09 10:20:08','2013-04-23 10:20:08'),
	(63,1,'1e2d3c522960cdaab80fc03d08aeddac','2 weeks',1,'2013-04-08 20:36:53','2013-04-22 20:36:53'),
	(62,1,'3bcd1f33ac6902869518c1cf6e719917','2 weeks',1,'2013-04-08 16:29:50','2013-04-22 16:29:50'),
	(61,1,'311a86998442c49b0a51a8d6e3513fef','2 weeks',1,'2013-04-08 14:21:19','2013-04-22 14:21:19'),
	(52,7,'093763684ce2cb5d8511e881f9d68370','2 weeks',0,'2013-04-07 01:00:42','2013-04-21 01:00:42'),
	(53,7,'683b655cfc7e11adc00b681afc136452','2 weeks',0,'2013-04-07 01:03:47','2013-04-21 01:03:47'),
	(60,1,'5b418363a2a39dfd7a1bc1a3addf3f89','2 weeks',1,'2013-04-08 11:49:33','2013-04-22 11:49:33'),
	(55,7,'f09c12e7e3956af76f4999a6714f76a5','2 weeks',0,'2013-04-07 16:52:50','2013-04-21 16:52:50'),
	(56,7,'ca58200481b642dc465ca0f8c018af3d','2 weeks',0,'2013-04-07 16:53:23','2013-04-21 16:53:23'),
	(57,7,'a374a1ebf82be900b946b6bb551553ef','2 weeks',0,'2013-04-07 17:14:07','2013-04-21 17:14:07'),
	(59,1,'353e606fa9b94eaada868357b610f63f','2 weeks',1,'2013-04-08 10:10:19','2013-04-22 10:10:19'),
	(107,1,'a7c5fbf0c9527dcfe2425fff6666bbce','2 weeks',1,'2013-04-17 15:17:12','2013-05-01 15:17:12'),
	(108,1,'133d8e0a3f7dcf4c2ef0eed0730edc1c','2 weeks',1,'2013-04-17 21:18:11','2013-05-01 21:18:11'),
	(109,1,'90a64f64f5ce1ca746d40693565b8bdd','2 weeks',1,'2013-04-18 10:33:08','2013-05-02 10:33:08'),
	(110,1,'312afa2522a375b07d48d0bfb8236b16','2 weeks',1,'2013-04-18 14:33:46','2013-05-02 14:33:46'),
	(111,1,'e3fc78d4007bfcc9f85a7bf2a7bdca9c','2 weeks',1,'2013-04-18 21:49:26','2013-05-02 21:49:26'),
	(112,1,'58dfa78a3cb432024c127a9883e2dc35','2 weeks',1,'2013-04-19 10:30:05','2013-05-03 10:30:05'),
	(113,1,'9cac57b9afbc9a2bec3b85b3d89cbb9d','2 weeks',1,'2013-04-19 14:31:15','2013-05-03 14:31:15'),
	(114,1,'0c7bc3fbf32e0a31770e119318688e85','2 weeks',1,'2013-04-19 22:32:30','2013-05-03 22:32:30'),
	(115,0,'5b1ca000fb8fd90cb3c78d9b49ff6708','2 weeks',0,'2013-04-19 23:46:02','2013-05-03 23:46:02'),
	(116,1,'4326326f8f925a9f0bc3e7c84a2b5a41','2 weeks',1,'2013-04-20 18:39:36','2013-05-04 18:39:36'),
	(117,1,'c9fa5039898b99bed8a5cc306f02e721','2 weeks',1,'2013-04-20 22:39:24','2013-05-04 22:39:24'),
	(118,1,'050b6967ddd30d66a88f3fa19bbb4a84','2 weeks',1,'2013-04-21 14:27:46','2013-05-05 14:27:46'),
	(119,0,'1745078789638c0c9ee121483ae60513','2 weeks',0,'2013-04-21 16:37:40','2013-05-05 16:37:40'),
	(120,1,'f66705de14edd97237acc5772b4ea2a3','2 weeks',1,'2013-04-21 19:18:13','2013-05-05 19:18:13'),
	(121,0,'6eb6ff92d16b06ef5620a881516fd05b','2 weeks',0,'2013-04-21 23:04:13','2013-05-05 23:04:13'),
	(122,1,'f76169c64f3cdd1d71c343d5eac46dc8','2 weeks',0,'2013-04-22 11:53:49','2013-05-06 11:53:49'),
	(123,1,'a511daf42e512ce2e53dac18d3bba1ef','2 weeks',1,'2013-04-22 21:41:53','2013-05-06 21:41:53'),
	(124,1,'d355404a3c58ca3d45af7724bab69b91','2 weeks',1,'2013-04-23 10:24:07','2013-05-07 10:24:07'),
	(125,1,'ff7278bc4f5f9396bdc953a6b90135e4','2 weeks',1,'2013-04-23 14:29:06','2013-05-07 14:29:06'),
	(126,1,'388dac8a55a1de225acfa6b407af7e40','2 weeks',1,'2013-04-23 21:29:19','2013-05-07 21:29:19'),
	(127,1,'1c2f6ef73e8fd729f3889af4f60e1e4f','2 weeks',1,'2013-04-24 07:38:02','2013-05-08 07:38:02'),
	(128,1,'e2338b998d1f3a17e8e6a0e03f26cf9d','2 weeks',1,'2013-04-24 11:46:04','2013-05-08 11:46:04'),
	(129,1,'043cf5a9150558d653b10d0a1f078b55','2 weeks',1,'2013-04-24 15:47:02','2013-05-08 15:47:02'),
	(130,1,'354068b0c22e40979f6a85005aa697e1','2 weeks',1,'2013-04-24 21:53:26','2013-05-08 21:53:26'),
	(131,1,'a9ae7258d931e2118c0298cc6a612c2f','2 weeks',1,'2013-04-25 10:38:44','2013-05-09 10:38:44'),
	(132,1,'8a938e09a2f92473d285c0784812be29','2 weeks',1,'2013-04-25 15:09:04','2013-05-09 15:09:04'),
	(133,0,'1089584a5e14e45fb9003a4f44645aa2','2 weeks',0,'2013-04-25 18:17:01','2013-05-09 18:17:01'),
	(134,1,'f3d1728a9ac717ed7aeff6fb6ab46500','2 weeks',1,'2013-04-25 19:14:51','2013-05-09 19:14:51'),
	(135,0,'4342e93cc3e2a17b0bc3eeb44b688e0f','2 weeks',0,'2013-04-25 19:46:18','2013-05-09 19:46:18'),
	(136,1,'115a725d248f3225d8539d3912800c91','2 weeks',1,'2013-04-25 23:18:52','2013-05-09 23:18:52'),
	(137,1,'fe0c2a47bae1fb09109b16f5c66a506f','2 weeks',1,'2013-04-26 10:01:37','2013-05-10 10:01:37'),
	(138,1,'8bc2601fe5009cc9281bd6c5d8deab5e','2 weeks',1,'2013-04-26 14:02:11','2013-05-10 14:02:11'),
	(139,0,'9758e6e8f2b0e66388ae2c22e6e94fba','2 weeks',0,'2013-04-26 15:22:28','2013-05-10 15:22:28'),
	(140,1,'835b5788ac85af3fd6b1203df77522ec','2 weeks',1,'2013-04-27 19:35:37','2013-05-11 19:35:37'),
	(141,1,'c20a61dc8b8e86b0bc068b3b611a31dd','2 weeks',1,'2013-04-28 00:34:00','2013-05-12 00:34:00'),
	(142,1,'0b76087c83afe740eb8b2b6402512b31','2 weeks',1,'2013-04-28 13:29:16','2013-05-12 13:29:16'),
	(143,1,'9568c4001bf090b11ae3601ebcc0ea11','2 weeks',1,'2013-04-29 00:14:11','2013-05-13 00:14:11'),
	(144,1,'dc5cb9a3cfcf94e024ced80a6320424b','2 weeks',1,'2013-04-29 10:20:12','2013-05-13 10:20:12'),
	(145,1,'e7c3a15a3ae46f9657058bdf658ff785','2 weeks',1,'2013-04-29 14:20:37','2013-05-13 14:20:37'),
	(146,1,'685b4e344fe82e2c0262359d4d655e55','2 weeks',1,'2013-04-29 23:00:30','2013-05-13 23:00:30'),
	(147,1,'eb9c939179978c7f543480e01e6612b2','2 weeks',1,'2013-04-30 10:18:48','2013-05-14 10:18:48'),
	(148,1,'befa21540d98404c0a860ef2a3e13515','2 weeks',1,'2013-04-30 11:05:31','2013-05-14 11:05:31'),
	(149,1,'a261d43326c93d9b972c712d9dcb42f6','2 weeks',1,'2013-04-30 14:22:16','2013-05-14 14:22:16'),
	(150,1,'77a9a02cb0ce7ec5ca09334f8522c372','2 weeks',1,'2013-04-30 17:31:28','2013-05-14 17:31:28'),
	(151,1,'47fe9d777932680b9d9d292ee96ba867','2 weeks',1,'2013-04-30 23:00:54','2013-05-14 23:00:54'),
	(152,1,'7db6cb9b2f28772aefdc48831c2b9a0b','2 weeks',1,'2013-05-01 10:13:24','2013-05-15 10:13:24'),
	(153,1,'1b1ca0dddae87e0b770bd3f243b0b742','2 weeks',1,'2013-05-01 14:14:23','2013-05-15 14:14:23'),
	(154,0,'a81f6eb95b31a0c6d0d9c7bf83e7b3e5','2 weeks',0,'2013-05-01 17:56:29','2013-05-15 17:56:29'),
	(155,1,'8dc5d64c1c7bea9ffe0b69b809be0cdf','2 weeks',1,'2013-05-01 22:31:53','2013-05-15 22:31:53'),
	(156,1,'e1474662c7f37a86887fde16e36ecaa3','2 weeks',1,'2013-05-02 12:12:19','2013-05-16 12:12:19'),
	(157,1,'32f3e16f92c62d25502bd09122939636','2 weeks',1,'2013-05-02 16:22:06','2013-05-16 16:22:06'),
	(158,1,'6082498da55eb6e7cbf5c64c7a6d107a','2 weeks',1,'2013-05-02 22:55:57','2013-05-16 22:55:57'),
	(159,1,'79b990227976ba784e3af73efc8f75c5','2 weeks',1,'2013-05-03 10:03:55','2013-05-17 10:03:55'),
	(160,1,'38cebf7a41d6e59f704b10d7bf0cc8c1','2 weeks',1,'2013-05-03 10:06:52','2013-05-17 10:06:52'),
	(161,1,'1646f0e87bbc7c1aacbb07cd259f06e6','2 weeks',1,'2013-05-03 15:14:09','2013-05-17 15:14:09'),
	(162,1,'3c93e70a4053fd5692e3301b66463075','2 weeks',1,'2013-05-03 15:25:36','2013-05-17 15:25:36'),
	(163,1,'c88757a649be6f42073e1078d9e7a358','2 weeks',1,'2013-05-03 23:53:44','2013-05-17 23:53:44'),
	(164,1,'e7809fab5bc9a4d5b690c2c83b85fd66','2 weeks',1,'2013-05-04 19:37:14','2013-05-18 19:37:14'),
	(165,1,'41b4b88f4cda8b7ad8d8ade7f81685d1','2 weeks',1,'2013-05-04 23:37:43','2013-05-18 23:37:43'),
	(166,0,'1b427fdde61d8ae8d49f8a0505d01677','2 weeks',0,'2013-05-05 00:55:28','2013-05-19 00:55:28'),
	(167,1,'b1b47cb4430117c2ebf9e4369b200327','2 weeks',0,'2013-05-05 15:47:12','2013-05-19 15:47:12'),
	(168,1,'b7b1d30f2fbd450ba27961182aabff46','2 weeks',1,'2013-05-05 16:10:02','2013-05-19 16:10:02'),
	(169,0,'ef1d440b4e72730ffdc78ca4cf9cbc11','2 weeks',0,'2013-05-05 16:15:34','2013-05-19 16:15:34'),
	(170,1,'02e08522e317fbe8c10c8c66f8d670c5','2 weeks',1,'2013-05-05 19:00:13','2013-05-19 19:00:13'),
	(171,1,'3d9d2c56ebc53a0ca5cb9e6460df33d9','2 weeks',1,'2013-05-05 19:47:03','2013-05-19 19:47:03'),
	(172,1,'0d3ae2dde175c331b4d21290ef4cb26c','2 weeks',1,'2013-05-06 11:26:28','2013-05-20 11:26:28'),
	(173,1,'1abbd71b9ecae8a84628d5be5aeab06f','2 weeks',1,'2013-05-06 15:46:19','2013-05-20 15:46:19'),
	(174,1,'de3fc71337a5f52440e3e4689d5dc27d','2 weeks',0,'2013-05-07 11:37:41','2013-05-21 11:37:41'),
	(175,1,'6fae95f7fdaff1183d0dfff0be658ca4','2 weeks',1,'2013-05-08 16:07:35','2013-05-22 16:07:35'),
	(176,1,'1ebe89664dc2dd96de4cd9a0d3d474bc','2 weeks',1,'2013-05-08 20:13:45','2013-05-22 20:13:45'),
	(177,1,'eeb4062aeff6dbd216cb802594e7d1d3','2 weeks',1,'2013-05-09 10:42:09','2013-05-23 10:42:09'),
	(178,1,'be8067b9fdb08cb41073674dc3c4b6bf','2 weeks',1,'2013-05-09 15:12:22','2013-05-23 15:12:22'),
	(179,0,'9651bd0c20211f550918e5493b8c37c0','2 weeks',0,'2013-05-09 16:06:24','2013-05-23 16:06:24'),
	(180,1,'073c0bf46d7101446836f8c2e77e5203','2 weeks',1,'2013-05-09 22:10:53','2013-05-23 22:10:53'),
	(181,1,'9a20a028eebc5f3fed67442fb51ced77','2 weeks',0,'2013-05-10 08:28:44','2013-05-24 08:28:44'),
	(182,1,'1c49ec268378aaf35ad60a614c2082fe','2 weeks',1,'2013-05-10 08:28:59','2013-05-24 08:28:59'),
	(183,1,'4371763606b045925d7151e2e6c90f94','2 weeks',0,'2013-05-10 23:43:13','2013-05-24 23:43:13'),
	(184,1,'07ecf8d1b45f2db025a81979ff5663d2','2 weeks',1,'2013-05-11 00:01:45','2013-05-25 00:01:45'),
	(185,1,'619b58bf7a955648ca621e88267bdc45','2 weeks',0,'2013-05-11 16:50:57','2013-05-25 16:50:57'),
	(186,1,'489785ae12214bfc3f692c8d077f44fd','2 weeks',1,'2013-05-11 16:55:53','2013-05-25 16:55:53'),
	(187,1,'d68b40bb237c4b3b71e16b55b0367053','2 weeks',1,'2013-05-12 00:22:24','2013-05-26 00:22:24'),
	(188,0,'c53b8865261532f86b3b55c0635cb77f','2 weeks',0,'2013-05-12 00:37:30','2013-05-26 00:37:30'),
	(189,1,'d03c7adfde8e744444bfced73d90a7bb','2 weeks',1,'2013-05-12 10:51:19','2013-05-26 10:51:19'),
	(190,1,'8ab1956b477d406aa6648ffb8b7724f4','2 weeks',1,'2013-05-12 16:28:45','2013-05-26 16:28:45'),
	(191,1,'690c0706b3ce53f1c2f11a101af0d926','2 weeks',1,'2013-05-12 21:56:27','2013-05-26 21:56:27'),
	(192,1,'91059d440abb2c8d8715b862694d022c','2 weeks',1,'2013-05-13 10:36:19','2013-05-27 10:36:19'),
	(193,1,'1d50f37ee51234c9fc6b628932bf474c','2 weeks',0,'2013-05-13 14:44:36','2013-05-27 14:44:36'),
	(194,1,'2c7bb6e1d3f62b06d7489fd25b9c16e0','2 weeks',1,'2013-05-13 15:24:55','2013-05-27 15:24:55'),
	(195,1,'7c055bc32ac80da667b6d69dc10184fc','2 weeks',1,'2013-05-13 22:52:42','2013-05-27 22:52:42'),
	(196,1,'a0547771b81af01212a4d5373863b5e6','2 weeks',1,'2013-05-14 10:45:02','2013-05-28 10:45:02'),
	(197,0,'a6fde4e478d872285b42a6ae36266964','2 weeks',0,'2013-05-14 12:33:20','2013-05-28 12:33:20'),
	(198,1,'a384665aaff005e6118a21b23d5f9a92','2 weeks',1,'2013-05-14 14:45:52','2013-05-28 14:45:52'),
	(199,1,'fb9ce288f2ca45fe60b83ce85836228d','2 weeks',1,'2013-05-14 15:09:27','2013-05-28 15:09:27'),
	(200,1,'7305350ae3459fc1bc04e9f7a81d90e0','2 weeks',1,'2013-05-14 22:58:17','2013-05-28 22:58:17'),
	(201,1,'0d3f0966950e8542812262ab49d4018f','2 weeks',1,'2013-05-15 19:34:11','2013-05-29 19:34:11'),
	(202,1,'ff651c1ca134fc35dda2efc8228c8507','2 weeks',1,'2013-05-15 23:37:10','2013-05-29 23:37:10'),
	(203,1,'a943605756c77d798884d42efa8d8324','2 weeks',1,'2013-05-16 16:45:19','2013-05-30 16:45:19'),
	(204,1,'2ef4db2d0fb0b92c94b8fcc9a1f0a982','2 weeks',1,'2013-05-16 21:27:57','2013-05-30 21:27:57'),
	(205,1,'4446c57cd5cbb42822975ac3db38c2e3','2 weeks',1,'2013-05-17 15:09:09','2013-05-31 15:09:09'),
	(206,1,'5404a4f7c8f92248dcbee37965e785bc','2 weeks',1,'2013-05-17 19:15:35','2013-05-31 19:15:35'),
	(207,1,'60ad6c7a98cb3b081e026d7cb4251077','2 weeks',1,'2013-05-17 23:58:02','2013-05-31 23:58:02'),
	(208,1,'13543197a4d6a54c36a7559e544a9aec','2 weeks',1,'2013-05-19 01:00:55','2013-06-02 01:00:55'),
	(209,1,'4986e9b1e7c3e00d2312ed49fd9ed8a9','2 weeks',1,'2013-05-19 12:29:20','2013-06-02 12:29:20'),
	(210,1,'61ce2751d8103b3fcd2abb63e219c2c0','2 weeks',1,'2013-05-19 16:30:35','2013-06-02 16:30:35'),
	(211,1,'ddd2db26564f1622a3f19150c0c61417','2 weeks',1,'2013-05-19 22:11:01','2013-06-02 22:11:01'),
	(212,1,'7104b3acc0b11898a7a60628481933aa','2 weeks',1,'2013-05-20 16:59:05','2013-06-03 16:59:05'),
	(213,1,'0c9f7141e2632cc8174e68db8b4335d3','2 weeks',1,'2013-05-20 21:05:15','2013-06-03 21:05:15'),
	(214,1,'1bcb8547e40a5ccbcc06ce30932c5447','2 weeks',1,'2013-05-21 12:20:03','2013-06-04 12:20:03'),
	(215,1,'3d5f694377630b5a6de25b0c0a7818bd','2 weeks',1,'2013-05-21 17:23:59','2013-06-04 17:23:59'),
	(216,1,'8f96b2d007961992970e6491eee781f3','2 weeks',1,'2013-05-21 23:25:27','2013-06-04 23:25:27'),
	(217,1,'5836acd777c5a2062109b2fd42939f08','2 weeks',1,'2013-05-22 14:45:26','2013-06-05 14:45:26'),
	(218,1,'d61fcc9f3f50676123c51d005ee2bf4b','2 weeks',1,'2013-05-22 21:09:17','2013-06-05 21:09:17'),
	(219,1,'521631e08a5a0bddea1499cb78bf367b','2 weeks',1,'2013-05-22 21:21:12','2013-06-05 21:21:12'),
	(220,1,'d070a1955c361b43b9fea66aa5397c1e','2 weeks',1,'2013-05-23 10:10:47','2013-06-06 10:10:47'),
	(221,1,'3dc8dbe1239b7909d6eea05cb536c7a9','2 weeks',1,'2013-05-23 14:14:36','2013-06-06 14:14:36'),
	(222,1,'71f9b77b27caaed676bcfbca559bbb8c','2 weeks',1,'2013-05-23 16:37:42','2013-06-06 16:37:42'),
	(223,1,'68cb75ae06760058b0178570dd614f5b','2 weeks',1,'2013-05-23 20:10:31','2013-06-06 20:10:31'),
	(224,1,'8ca1fc770e65f731dc93c2a631560919','2 weeks',1,'2013-05-24 09:59:43','2013-06-07 09:59:43'),
	(225,1,'882954bb557ceb074636b2d62adb1efe','2 weeks',1,'2013-05-24 12:23:44','2013-06-07 12:23:44'),
	(226,0,'cadfb9a7ced0d6dc2389fe39e374984b','2 weeks',0,'2013-05-24 13:48:20','2013-06-07 13:48:20'),
	(227,0,'4e97f7756dd280795cf72fcc11dabf47','2 weeks',0,'2013-05-24 13:48:20','2013-06-07 13:48:20'),
	(228,1,'3e4ce68f888bba10f34f0639c481b406','2 weeks',1,'2013-05-24 14:03:54','2013-06-07 14:03:54'),
	(229,1,'91486df35bc82ce60fc7ab63bcb26ce8','2 weeks',1,'2013-05-24 23:24:05','2013-06-07 23:24:05'),
	(230,1,'fea42cdcc6dfee6c03acc3b9aecab9c7','2 weeks',1,'2013-05-25 22:04:47','2013-06-08 22:04:47'),
	(231,1,'3851b34d44d7a6c51c8f5817cbf55f7e','2 weeks',1,'2013-05-26 19:22:55','2013-06-09 19:22:55'),
	(232,1,'2fd9ce345b8ae3a403fce27e5012f56b','2 weeks',1,'2013-05-26 23:25:56','2013-06-09 23:25:56'),
	(233,1,'9cde18cb4ee680cbc15c04c3e5538fcd','2 weeks',0,'2013-05-27 14:25:08','2013-06-10 14:25:08'),
	(234,1,'860894c4b7fec13076f42c43b6888438','2 weeks',0,'2013-05-27 14:25:45','2013-06-10 14:25:45'),
	(235,1,'6e57472b96397a15d015aa1f6b4958ca','2 weeks',0,'2013-05-27 14:26:21','2013-06-10 14:26:21'),
	(236,1,'ba88706befaa4bfc2cc0167243387080','2 weeks',0,'2013-05-27 14:28:05','2013-06-10 14:28:05'),
	(237,1,'8ff43a8f7130989836f16cc372cb6d65','2 weeks',0,'2013-05-27 14:46:41','2013-06-10 14:46:41'),
	(238,1,'d7ba39814ee8e884c9f75a187aec4f68','2 weeks',0,'2013-05-27 15:22:26','2013-06-10 15:22:26'),
	(239,1,'645595a7abcd5fb4693837bf6e18509e','2 weeks',0,'2013-05-27 15:43:00','2013-06-10 15:43:00'),
	(240,1,'ca7521d034292fde83a104116984f459','2 weeks',0,'2013-05-27 15:45:40','2013-06-10 15:45:40'),
	(241,1,'c9c0b25c25fb1b67fe675609cbf3a9b9','2 weeks',1,'2013-05-27 20:08:22','2013-06-10 20:08:22'),
	(242,1,'5f2000884ab7c897f5894f75a1adf92e','2 weeks',0,'2013-05-28 10:22:00','2013-06-11 10:22:00'),
	(243,1,'560f91be7240b065326264e4f486fe91','2 weeks',0,'2013-05-28 11:53:32','2013-06-11 11:53:32'),
	(244,1,'e660aa4b6bbf77ce82da805f63e3fe2e','2 weeks',0,'2013-05-28 11:55:36','2013-06-11 11:55:36'),
	(245,1,'2300cb051be75bdeb55ee4f52d13dc68','2 weeks',0,'2013-05-28 12:58:47','2013-06-11 12:58:47'),
	(246,1,'18e402de4526aa11b9f1bfe66903953a','2 weeks',0,'2013-05-28 13:05:59','2013-06-11 13:05:59'),
	(247,1,'e3d62a870d69d9e31e65ae6e3ae040d0','2 weeks',0,'2013-05-28 13:46:52','2013-06-11 13:46:52'),
	(248,1,'42b82c4bcbf822774152a3cf9c2ffe3c','2 weeks',1,'2013-05-28 14:05:27','2013-06-11 14:05:27'),
	(249,1,'6736d3a975ee0e60c477fffaad1da078','2 weeks',1,'2013-05-28 14:24:26','2013-06-11 14:24:26'),
	(250,1,'f7a9cbe2d42aa6a778ac6a2c2ff27242','2 weeks',1,'2013-05-28 16:25:42','2013-06-11 16:25:42'),
	(251,1,'2f8073354db6283d32e71714cc2db145','2 weeks',1,'2013-05-29 10:19:57','2013-06-12 10:19:57'),
	(252,1,'b4da86acb65fafe80a937746361cc939','2 weeks',1,'2013-05-29 14:53:52','2013-06-12 14:53:52'),
	(253,1,'832c04902512c686f16ce9fec3cba314','2 weeks',1,'2013-05-30 10:46:14','2013-06-13 10:46:14'),
	(254,1,'93901d60155409741379a61af6d1159a','2 weeks',1,'2013-05-30 14:54:43','2013-06-13 14:54:43'),
	(255,1,'9b470a0c7b5e05da5ad2cdf75bc92637','2 weeks',0,'2013-05-30 15:19:14','2013-06-13 15:19:14'),
	(256,7,'59d431b05aaf87a2fb9fd3b19f7d704f','2 weeks',1,'2013-05-30 17:35:43','2013-06-13 17:35:43'),
	(257,1,'9b542eedefa188b4162fec3f0da906d2','2 weeks',1,'2013-05-30 22:58:44','2013-06-13 22:58:44'),
	(258,1,'f12cbb7479054174aa731cda5bfe00bd','2 weeks',1,'2013-05-31 08:19:25','2013-06-14 08:19:25'),
	(259,1,'ca8bc718dadb8646c860fde6bf05e03e','2 weeks',1,'2013-05-31 15:06:52','2013-06-14 15:06:52'),
	(260,1,'20fc167cc82136b692d578da484552c8','2 weeks',1,'2013-05-31 19:07:04','2013-06-14 19:07:04'),
	(261,1,'e1e2511016ad0cd702f438c13709a489','2 weeks',1,'2013-06-01 23:52:51','2013-06-15 23:52:51'),
	(262,0,'d8199100abf3cc74e99f41722369110d','2 weeks',0,'2013-06-02 00:05:00','2013-06-16 00:05:00'),
	(263,1,'19230f06677f165171a276737563e5fa','2 weeks',1,'2013-06-02 12:47:31','2013-06-16 12:47:31'),
	(264,1,'0f7ed47d8c856ac7101ab141bcf3dc84','2 weeks',1,'2013-06-02 17:22:19','2013-06-16 17:22:19'),
	(265,1,'fc741aa6ae725422efd6c29a98933439','2 weeks',1,'2013-06-02 22:48:17','2013-06-16 22:48:17'),
	(266,7,'fd4a694eaf007c9509778727adb73f18','2 weeks',1,'2013-06-03 10:07:16','2013-06-17 10:07:16'),
	(267,1,'32c9a50a74fe61d3ca9de9dafe4076c1','2 weeks',1,'2013-06-03 10:08:22','2013-06-17 10:08:22'),
	(268,1,'8e48f5c41cde2851015079c7ea04457f','2 weeks',1,'2013-06-03 14:08:24','2013-06-17 14:08:24'),
	(269,7,'67a7050f2555737e977f69ed17bb6dae','2 weeks',0,'2013-06-03 14:14:53','2013-06-17 14:14:53'),
	(270,7,'a46c17e3060da67cad3337bc145cf460','2 weeks',1,'2013-06-03 15:12:45','2013-06-17 15:12:45'),
	(271,0,'105ca417f6dba14e376f4b7797452ed4','2 weeks',0,'2013-06-03 15:28:20','2013-06-17 15:28:20'),
	(272,0,'92a14fcbb445f1abad1b17ff8f3f4bae','2 weeks',0,'2013-06-03 16:00:00','2013-06-17 16:00:00'),
	(273,7,'81d3fb2f0fd09b55d3eeb6f34d5e1526','2 weeks',1,'2013-06-03 16:45:52','2013-06-17 16:45:52'),
	(274,7,'fe1947a9b8de3d5283ec03fd3b8493c2','2 weeks',1,'2013-06-04 10:21:26','2013-06-18 10:21:26'),
	(275,1,'cedde0df5c5dace705e09d3e56f677c7','2 weeks',1,'2013-06-04 11:19:12','2013-06-18 11:19:12'),
	(276,1,'244e530335dc961e78ceecc6319588a0','2 weeks',1,'2013-06-04 14:27:14','2013-06-18 14:27:14'),
	(277,7,'6f942be6a6c986eff926ebd235d8a794','2 weeks',1,'2013-06-04 14:41:02','2013-06-18 14:41:02'),
	(278,1,'dfc38a908f21a6429356af9f751ca5ec','2 weeks',1,'2013-06-04 22:33:48','2013-06-18 22:33:48'),
	(279,1,'dbc849b251772c0b475f331da325b5a0','2 weeks',1,'2013-06-05 10:23:34','2013-06-19 10:23:34'),
	(280,7,'ad37a93554908354314fe73d7e7d61a9','2 weeks',1,'2013-06-05 11:09:06','2013-06-19 11:09:06'),
	(281,1,'f4d197656ce743ee18fe119c528be6bd','2 weeks',1,'2013-06-05 14:23:36','2013-06-19 14:23:36'),
	(282,1,'6473a7097642c7afd7d9e35f36082f89','2 weeks',0,'2013-06-05 14:23:36','2013-06-19 14:23:36'),
	(283,0,'14c24436a7dd1d066d065405d93b2e50','2 weeks',0,'2013-06-05 14:40:00','2013-06-19 14:40:00'),
	(284,1,'e4c1a9e7f729eb012006e78d0ef06463','2 weeks',1,'2013-06-06 10:41:44','2013-06-20 10:41:44'),
	(285,7,'92847487353af38eaf365292b0cc6238','2 weeks',0,'2013-06-06 11:38:33','2013-06-20 11:38:33'),
	(286,1,'58054ec857d935d30d04ea3a4035ec39','2 weeks',0,'2013-06-06 12:38:04','2013-06-20 12:38:04'),
	(287,7,'bad4e97a2a7a20855652ac3d596eea02','2 weeks',1,'2013-06-06 12:38:32','2013-06-20 12:38:32'),
	(288,7,'c25bf126c4ee2a50dafab12e1241dbfe','2 weeks',0,'2013-06-06 12:45:43','2013-06-20 12:45:43'),
	(289,1,'0f1d5576efc5f3b98eb3b9bdb388d9bb','2 weeks',1,'2013-06-06 13:07:08','2013-06-20 13:07:08'),
	(290,1,'d4b29b1ee9b46e06216acf185f27c5d7','2 weeks',0,'2013-06-06 14:52:30','2013-06-20 14:52:30'),
	(291,1,'c0e791b61a3ed133d333e802c70892e7','2 weeks',1,'2013-06-06 17:28:54','2013-06-20 17:28:54'),
	(292,1,'953cb78dcbcd8dc19a941f9b9341f30e','2 weeks',0,'2013-06-06 17:52:36','2013-06-20 17:52:36'),
	(293,1,'eedaa7ac083f06a2f96ea67ff97fd813','2 weeks',1,'2013-06-06 17:53:20','2013-06-20 17:53:20'),
	(294,1,'73f31567371b8ee9a8cb00d8953b714a','2 weeks',1,'2013-06-06 22:22:42','2013-06-20 22:22:42'),
	(295,1,'31d8b71d8c6880e354208547891605dc','2 weeks',1,'2013-06-06 22:23:35','2013-06-20 22:23:35'),
	(296,1,'1585520553079f889de0b4ad92927abc','2 weeks',1,'2013-06-07 11:30:48','2013-06-21 11:30:48'),
	(297,1,'edf6cf2f4c0ae12a3846e06f3163c15a','2 weeks',1,'2013-06-07 18:48:23','2013-06-21 18:48:23'),
	(298,1,'aaef158137e9de8681f6dfe76e41f943','2 weeks',1,'2013-06-08 19:02:26','2013-06-22 19:02:26'),
	(299,1,'a1161cffb64f14aa0894c769e0d677b9','2 weeks',1,'2013-06-09 00:10:30','2013-06-23 00:10:30'),
	(300,1,'5fbba4d713de83312b9e4d567b7f2cb4','2 weeks',0,'2013-06-09 00:10:30','2013-06-23 00:10:30'),
	(301,1,'970792535e68d384809f16c09d109d48','2 weeks',1,'2013-06-09 01:08:45','2013-06-23 01:08:45'),
	(302,1,'9188ee08eee1b83a45511c757f556c76','2 weeks',1,'2013-06-09 17:06:12','2013-06-23 17:06:12'),
	(303,1,'18d2d6f4b984dea11275b512f5340c90','2 weeks',1,'2013-06-09 21:06:15','2013-06-23 21:06:15'),
	(304,1,'7cfff8149c0c1f45b065286448168f5f','2 weeks',1,'2013-06-10 11:27:33','2013-06-24 11:27:33'),
	(305,1,'891cbf3b79a4c07f5d5046cc319bfee8','2 weeks',1,'2013-06-10 11:42:32','2013-06-24 11:42:32'),
	(306,1,'9656821eb4f76c64a77281ca8994ea2c','2 weeks',1,'2013-06-10 16:35:13','2013-06-24 16:35:13'),
	(307,1,'4e9bd578c6e35c2064cecb602d5dc265','2 weeks',1,'2013-06-10 16:45:18','2013-06-24 16:45:18'),
	(308,1,'04a264863c8afe1100d991fd4b8a4c1b','2 weeks',1,'2013-06-10 22:23:31','2013-06-24 22:23:31'),
	(309,1,'ea98516ca5d4991cb62ac6dcf4de79e6','2 weeks',1,'2013-06-11 10:21:23','2013-06-25 10:21:23'),
	(310,1,'7054a9e83be80d08b7798ce8cbab03a5','2 weeks',1,'2013-06-11 10:32:01','2013-06-25 10:32:01'),
	(311,1,'d3aa61747a6102e18cc1c524332a2a99','2 weeks',1,'2013-06-11 14:40:13','2013-06-25 14:40:13'),
	(312,1,'6f784f859ab5904b8bc57bd77552dc23','2 weeks',1,'2013-06-11 15:01:46','2013-06-25 15:01:46'),
	(313,1,'9e6a578610cca8330cc2847a880d41fd','2 weeks',1,'2013-06-11 23:14:21','2013-06-25 23:14:21'),
	(314,1,'920bf9d3c8a8ae9b7df0d9f5a631ab01','2 weeks',1,'2013-06-12 10:21:08','2013-06-26 10:21:08'),
	(315,1,'e4088f724460c9cd41e3cc80f15a8cd1','2 weeks',1,'2013-06-12 12:17:23','2013-06-26 12:17:23'),
	(316,1,'4d9ea8db87a405434746544fa145a312','2 weeks',1,'2013-06-12 14:05:58','2013-06-26 14:05:58'),
	(317,1,'f8f9e27bf12cff3f5280538de3fb940a','2 weeks',1,'2013-06-12 14:22:20','2013-06-26 14:22:20'),
	(318,1,'335e5384a998da282b20a02bbe8069a9','2 weeks',1,'2013-06-12 14:52:23','2013-06-26 14:52:23'),
	(319,1,'573849d53864a56363fb729789721a7b','2 weeks',0,'2013-06-12 22:33:54','2013-06-26 22:33:54'),
	(320,1,'c54c8089986d4d03f6337f8985558b46','2 weeks',1,'2013-06-12 22:38:52','2013-06-26 22:38:52'),
	(321,1,'97b009088b18465f3f0af68371308f0f','2 weeks',1,'2013-06-13 10:42:59','2013-06-27 10:42:59'),
	(322,1,'658b830376b808065ed8cc8757d80616','2 weeks',1,'2013-06-13 11:28:53','2013-06-27 11:28:53'),
	(323,1,'6d2868a3b34abc0f3b764188bdd77788','2 weeks',1,'2013-06-13 16:35:01','2013-06-27 16:35:01'),
	(324,1,'e6a0dd899e5d2b550659631d4e44044a','2 weeks',0,'2013-06-13 18:26:54','2013-06-27 18:26:54'),
	(325,1,'2d4109d25fb8107b57ce99315a38b33d','2 weeks',1,'2013-06-14 10:19:30','2013-06-28 10:19:30'),
	(326,1,'11050ecd7b7487275d07882b84fc8b5d','2 weeks',1,'2013-06-14 10:19:44','2013-06-28 10:19:44'),
	(327,1,'f815efe1ccc48afc22117d16797dce09','2 weeks',1,'2013-06-14 14:59:05','2013-06-28 14:59:05'),
	(328,1,'cfc25a6b507f6f976e9019d6e79a502e','2 weeks',1,'2013-06-14 14:59:22','2013-06-28 14:59:22'),
	(329,1,'8a20c129d43f018712ea2a15d819c610','2 weeks',1,'2013-06-14 17:33:30','2013-06-28 17:33:30'),
	(330,1,'7bef1ed5cff518efa5fca1c7817beb14','2 weeks',1,'2013-06-14 17:50:21','2013-06-28 17:50:21'),
	(331,1,'709b0456db05070d41924f3567e919f8','2 weeks',1,'2013-06-15 21:33:28','2013-06-29 21:33:28'),
	(332,1,'9f577ae39506fd9702eeb65596e93ed9','2 weeks',1,'2013-06-16 17:09:56','2013-06-30 17:09:56'),
	(333,1,'633857bebc9e0926a3de4f99c570644b','2 weeks',1,'2013-06-16 21:28:35','2013-06-30 21:28:35'),
	(334,1,'b03177ed66603bffaa9dab08672981d9','2 weeks',1,'2013-06-17 08:41:56','2013-07-01 08:41:56'),
	(335,1,'a543f2e00c3e2d44b584868bd4c9f582','2 weeks',1,'2013-06-17 10:19:17','2013-07-01 10:19:17'),
	(336,1,'e341993758bc260514e428807b6a8afd','2 weeks',0,'2013-06-17 13:16:52','2013-07-01 13:16:52'),
	(337,1,'80eddb058cdff9c24e7fa27b3fa5ebca','2 weeks',1,'2013-06-17 15:28:20','2013-07-01 15:28:20'),
	(338,1,'adc7e46dacb17f2f4c28a04d98a3c375','2 weeks',0,'2013-06-17 15:44:56','2013-07-01 15:44:56'),
	(339,1,'a7d2aecabf83b5c4284e9f0a5bedd60a','2 weeks',1,'2013-06-17 16:29:03','2013-07-01 16:29:03'),
	(340,1,'64a9b538ab32ff46d838b6190a19c816','2 weeks',0,'2013-06-17 16:30:33','2013-07-01 16:30:33'),
	(341,1,'cfdd9acb7fdc939c09ef51eeaa5306c4','2 weeks',0,'2013-06-17 17:17:37','2013-07-01 17:17:37'),
	(342,1,'e7711a7d9f197cc8d14d3d069661e689','2 weeks',0,'2013-06-17 17:52:04','2013-07-01 17:52:04'),
	(343,1,'55700da947d289a3d403aba1701e821a','2 weeks',1,'2013-06-17 17:59:08','2013-07-01 17:59:08'),
	(344,1,'fdd38fac94e2e6cb121dd35242a1ed0c','2 weeks',1,'2013-06-17 22:45:18','2013-07-01 22:45:18'),
	(345,1,'73508eb9f58c5e33d3040aabbcf05d81','2 weeks',1,'2013-06-18 10:42:08','2013-07-02 10:42:08'),
	(346,1,'fbab62874a53b5956b9ca8f0a8f7cfab','2 weeks',1,'2013-06-18 15:40:35','2013-07-02 15:40:35'),
	(347,1,'90a375ff00676131c9796d1857f7935d','2 weeks',0,'2013-06-18 17:46:55','2013-07-02 17:46:55'),
	(348,1,'24b80baf9336d3e7e29d375131f955ab','2 weeks',1,'2013-06-18 17:48:42','2013-07-02 17:48:42'),
	(349,1,'afb28f7391b80c993fc685149b6842ae','2 weeks',1,'2013-06-18 20:13:44','2013-07-02 20:13:44'),
	(350,1,'6125428482df0039e4b0eecf852ac919','2 weeks',1,'2013-06-18 20:13:51','2013-07-02 20:13:51'),
	(351,1,'aa13f64bb50724585662bd44f2df6902','2 weeks',1,'2013-06-19 10:33:12','2013-07-03 10:33:12'),
	(352,1,'0df8eb0c4fa32d6b92d9eeb127c189c4','2 weeks',1,'2013-06-19 11:04:08','2013-07-03 11:04:08'),
	(353,1,'c483e4185865a6d6f90da6e0272492ee','2 weeks',1,'2013-06-19 15:08:43','2013-07-03 15:08:43'),
	(354,1,'64377f2a853b3a3cc652f338a25abf59','2 weeks',1,'2013-06-19 15:30:38','2013-07-03 15:30:38'),
	(355,1,'f83a60b7236af15b320bf896314a6d99','2 weeks',1,'2013-06-20 10:55:07','2013-07-04 10:55:07'),
	(356,1,'02a7899ae93a05a6632bc3c47ce1ec5b','2 weeks',1,'2013-06-20 12:19:17','2013-07-04 12:19:17'),
	(357,1,'3ce67c57b2222f650768051ee210f645','2 weeks',1,'2013-06-20 16:07:53','2013-07-04 16:07:53'),
	(358,1,'08903e0db66312c738094e3409aee580','2 weeks',1,'2013-06-20 22:39:53','2013-07-04 22:39:53'),
	(359,1,'7b0080423a340986dd949a9d696ec80c','2 weeks',1,'2013-06-21 10:54:38','2013-07-05 10:54:38'),
	(360,1,'684167f46bb8983406e873f2cc6699c9','2 weeks',1,'2013-06-21 17:21:02','2013-07-05 17:21:02'),
	(361,1,'752280580f949025217978fb82b64d9c','2 weeks',1,'2013-06-21 22:55:59','2013-07-05 22:55:59'),
	(362,1,'a54ac6a0add60abf7604f8431ffecc7a','2 weeks',1,'2013-06-22 12:42:27','2013-07-06 12:42:27'),
	(363,1,'d0f06c89e17231964f4314481cb4c3e0','2 weeks',1,'2013-06-23 13:26:25','2013-07-07 13:26:25'),
	(364,1,'c0acf2af2443fd20236f0496e2cfeb35','2 weeks',1,'2013-06-23 18:24:05','2013-07-07 18:24:05'),
	(365,1,'a2a6f02a1a2469ad5ff56dc5356215a0','2 weeks',0,'2013-06-23 23:00:25','2013-07-07 23:00:25'),
	(366,1,'149e27f6bdafe721ba8ab5f25b2f0e1e','2 weeks',1,'2013-06-23 23:08:30','2013-07-07 23:08:30'),
	(367,1,'ff00850ee84578a2a0d02e101e13a122','2 weeks',1,'2013-06-24 09:36:37','2013-07-08 09:36:37'),
	(368,1,'2ecf51c4fb4a1a9cfaa47285d1b8ae1c','2 weeks',1,'2013-06-24 13:53:25','2013-07-08 13:53:25'),
	(369,1,'9cd00313b1afa8c38158322a0a1f07b5','2 weeks',1,'2013-06-24 14:59:32','2013-07-08 14:59:32'),
	(370,1,'109270cafd9778bf047ffb65cc3f2bd6','2 weeks',1,'2013-06-24 17:58:10','2013-07-08 17:58:10'),
	(371,0,'96c4cb2d2e6972e9a351f5856a1d3866','2 weeks',0,'2013-06-24 18:41:40','2013-07-08 18:41:40'),
	(372,1,'356d725bd460d2402667a091c732a00f','2 weeks',1,'2013-06-24 22:18:11','2013-07-08 22:18:11'),
	(373,1,'59dfd19d08b75d7d4c3d839723823f84','2 weeks',1,'2013-06-25 10:25:53','2013-07-09 10:25:53'),
	(374,1,'04bff1dd9b4eec6446cfafb61e492e92','2 weeks',1,'2013-06-25 11:20:35','2013-07-09 11:20:35'),
	(375,0,'b67fc048ef43d95176db418db9570a88','2 weeks',0,'2013-06-25 14:50:47','2013-07-09 14:50:47'),
	(376,1,'2e3bbd6d845f8af89f5d9423cf04aa0c','2 weeks',1,'2013-06-25 14:51:12','2013-07-09 14:51:12'),
	(377,1,'11b4d4a6089bf5f761acf47385b07520','2 weeks',0,'2013-06-25 17:01:09','2013-07-09 17:01:09'),
	(378,7,'5703499db9d6037dec1f6486fc35900e','2 weeks',1,'2013-06-25 17:02:44','2013-07-09 17:02:44'),
	(379,1,'20168b8001293a0d09a4cc85c277216e','2 weeks',0,'2013-06-26 10:19:31','2013-07-10 10:19:31'),
	(380,1,'8f4a517a448959d5ca66ab864e789e63','2 weeks',1,'2013-06-26 11:27:25','2013-07-10 11:27:25'),
	(381,1,'fd8b7d94e349c485a00d1b8abdfa8bd7','2 weeks',1,'2013-06-26 11:30:50','2013-07-10 11:30:50'),
	(382,1,'e9e6aee6feb29cf27cb453b1037c6bdf','2 weeks',1,'2013-06-26 15:32:08','2013-07-10 15:32:08'),
	(383,1,'6998595713be1d8aa561058ce8bda650','2 weeks',1,'2013-06-26 18:06:47','2013-07-10 18:06:47'),
	(384,1,'ee1c39aeb126c376bc3c9209a0e3c7aa','2 weeks',1,'2013-06-26 18:13:55','2013-07-10 18:13:55'),
	(385,1,'246eb3f31dbec750937a17e72807fe53','2 weeks',0,'2013-06-26 18:16:54','2013-07-10 18:16:54'),
	(386,1,'aa2e17a413fcc56e6fe7a14410ff5acd','2 weeks',1,'2013-06-26 20:55:28','2013-07-10 20:55:28'),
	(387,1,'70fe6f9873f48888fab113e7b51bbe58','2 weeks',1,'2013-06-26 22:53:07','2013-07-10 22:53:07'),
	(388,1,'a898dcc2192fd52512107e67e1692598','2 weeks',1,'2013-06-27 10:44:48','2013-07-11 10:44:48'),
	(389,1,'cd0e745f2d526f70c3655a1785c51700','2 weeks',1,'2013-06-27 15:23:37','2013-07-11 15:23:37'),
	(390,7,'486ab56cd2c598381f8f29299d222084','2 weeks',1,'2013-06-27 16:44:45','2013-07-11 16:44:45'),
	(391,1,'a3ee16d93ae2c89f12b984ff3d38ff88','2 weeks',1,'2013-06-27 21:23:27','2013-07-11 21:23:27'),
	(392,1,'d6cbbd05a608f891c9ab6cd5c58884bb','2 weeks',1,'2013-06-28 11:52:43','2013-07-12 11:52:43'),
	(393,1,'b50c3826181393f92e44960a83dcb87b','2 weeks',1,'2013-06-28 17:02:20','2013-07-12 17:02:20'),
	(394,1,'335d132f79bd7430627081f7dee68494','2 weeks',1,'2013-06-28 22:16:29','2013-07-12 22:16:29'),
	(395,1,'b28a080dbb8423b646b2eec5b6f0cd29','2 weeks',1,'2013-06-29 19:17:02','2013-07-13 19:17:02'),
	(396,1,'d2b76edb249946dde8ca9f7376b60038','2 weeks',1,'2013-06-30 15:37:48','2013-07-14 15:37:48'),
	(397,1,'14e43fc8e4c98cd69d410ad648cbd46d','2 weeks',1,'2013-06-30 21:28:23','2013-07-14 21:28:23'),
	(398,7,'2355f28413ebf3242bdd387fd3c84dee','2 weeks',1,'2013-07-01 10:15:57','2013-07-15 10:15:57'),
	(399,1,'ae1db36de3dceb5789ac04a31bbef3a3','2 weeks',1,'2013-07-01 10:19:44','2013-07-15 10:19:44'),
	(400,1,'cce5a49efabab5c6baba2918b3749ee2','2 weeks',1,'2013-07-01 14:25:12','2013-07-15 14:25:12'),
	(401,7,'534b6f9d3dadb3f8cf506ce3d2b49545','2 weeks',1,'2013-07-01 15:06:12','2013-07-15 15:06:12'),
	(402,1,'3b9916a41a752cb469b5d23210418762','2 weeks',1,'2013-07-01 21:45:01','2013-07-15 21:45:01'),
	(403,7,'14cd0d4137eb472d6196b87b824786c6','2 weeks',1,'2013-07-02 10:36:07','2013-07-16 10:36:07'),
	(404,1,'053d2554cc6131cfb8156ebe2a4b6c73','2 weeks',1,'2013-07-02 10:47:15','2013-07-16 10:47:15'),
	(405,1,'959eb3b576e8f8d1987c3d8f30f2fb3b','2 weeks',1,'2013-07-02 15:53:37','2013-07-16 15:53:37'),
	(406,1,'c7da8bd8d6d48e7ec2f40677d9dbe8ba','2 weeks',1,'2013-07-03 08:35:43','2013-07-17 08:35:43'),
	(407,1,'1ec8137235f218ac6d2ee911ebd6620d','2 weeks',1,'2013-07-03 09:53:56','2013-07-17 09:53:56'),
	(408,1,'477db2c6b2c6c2367ca2810e013d0f3d','2 weeks',0,'2013-07-03 09:54:34','2013-07-17 09:54:34'),
	(409,1,'33a4a75a8af49d719e82887628e72236','2 weeks',1,'2013-07-03 14:17:01','2013-07-17 14:17:01'),
	(410,1,'a3608cea18f2886e07b1c357d35fc6f1','2 weeks',1,'2013-07-03 18:17:10','2013-07-17 18:17:10'),
	(411,1,'770dff74f9cd36d0d422e8352e5488fd','2 weeks',1,'2013-07-04 13:17:58','2013-07-18 13:17:58'),
	(412,1,'b2fcce4a15df1fbdaac86753b6cb980d','2 weeks',1,'2013-07-05 21:18:10','2013-07-19 21:18:10'),
	(413,0,'c07d589eaa42a6f0b748f8ff0f77731b','2 weeks',0,'2013-07-05 22:54:54','2013-07-19 22:54:54'),
	(414,1,'893dc4b213e0a4ac00c92e1348ed56f5','2 weeks',0,'2013-07-06 21:19:28','2013-07-20 21:19:28'),
	(415,1,'e0362867f37399e402ae9b428886297b','2 weeks',1,'2013-07-06 21:23:41','2013-07-20 21:23:41'),
	(416,1,'aab705b3e7bae77703d1173d7760c45f','2 weeks',0,'2013-07-07 10:57:39','2013-07-21 10:57:39'),
	(417,1,'96b0e2f6d07a8a2945006648f1f313e4','2 weeks',1,'2013-07-07 16:25:50','2013-07-21 16:25:50'),
	(418,0,'468ac35dab930cc446a29560c63c8d1c','2 weeks',0,'2013-07-07 19:19:03','2013-07-21 19:19:03'),
	(419,1,'3d8305306a65de14485d724a1d1fa600','2 weeks',1,'2013-07-07 21:00:33','2013-07-21 21:00:33'),
	(420,1,'eb2b51e782bb75d4a8a3b4f72a16cf87','2 weeks',1,'2013-07-08 09:18:35','2013-07-22 09:18:35'),
	(421,1,'b44a943e88452e8393a81afff5d120e3','2 weeks',1,'2013-07-08 15:51:27','2013-07-22 15:51:27'),
	(422,1,'590667459c25541b8aeeec67869e46ec','2 weeks',1,'2013-07-09 10:38:33','2013-07-23 10:38:33'),
	(423,1,'0da9bbf2f6622010de0a33185d8197b3','2 weeks',0,'2013-07-09 12:24:31','2013-07-23 12:24:31'),
	(424,1,'693417a44eb0884639f1d77dc6899a23','2 weeks',0,'2013-07-09 12:26:59','2013-07-23 12:26:59'),
	(425,1,'85034038ec0d51955c2166c6f36aa4af','2 weeks',1,'2013-07-09 14:55:16','2013-07-23 14:55:16'),
	(426,1,'6462987270f48da0d6456f033a6e8338','2 weeks',1,'2013-07-09 22:10:12','2013-07-23 22:10:12'),
	(427,1,'fd41e8e11f3928a318cf1e31ed55de28','2 weeks',1,'2013-07-10 10:55:19','2013-07-24 10:55:19'),
	(428,7,'e64312968872fc9f2bb94ea61499653a','2 weeks',1,'2013-07-10 11:27:15','2013-07-24 11:27:15'),
	(429,1,'39f93dafd1f25edcdfefe57c001935df','2 weeks',1,'2013-07-10 14:57:24','2013-07-24 14:57:24'),
	(430,1,'1ecff24aab997fcc4646ac5fa399a386','2 weeks',1,'2013-07-10 21:54:35','2013-07-24 21:54:35'),
	(431,1,'4e6a23e39c1606eeef5ca916d8b7d6bb','2 weeks',1,'2013-07-11 16:06:48','2013-07-25 16:06:48'),
	(432,1,'56ee8b9b5ce44d92414913d4a4c28c63','2 weeks',1,'2013-07-11 22:09:11','2013-07-25 22:09:11'),
	(433,1,'44ccf51ace4d1bc63e4716e715113bdd','2 weeks',1,'2013-07-12 09:02:01','2013-07-26 09:02:01'),
	(434,1,'177304467597e439bb3b7a28b8f1e784','2 weeks',1,'2013-07-12 17:34:33','2013-07-26 17:34:33'),
	(435,1,'2793fa0ea7754abdcb823616f9ab7469','2 weeks',1,'2013-07-15 10:51:26','2013-07-29 10:51:26'),
	(436,1,'d1a3b7f7177cdd3d5b73a3c00f1da166','2 weeks',1,'2013-07-15 15:00:32','2013-07-29 15:00:32'),
	(437,1,'19d36ec20f0fd6834cf16d2e3a53846b','2 weeks',1,'2013-07-15 21:55:10','2013-07-29 21:55:10'),
	(438,1,'5f8653cbb0bd876c9ea10c15b7a8cde5','2 weeks',1,'2013-07-16 09:08:14','2013-07-30 09:08:14'),
	(439,1,'b7d0692681614cf573dcd504f8e50413','2 weeks',1,'2013-07-16 14:55:13','2013-07-30 14:55:13'),
	(440,0,'c943c9fa2fdef993c1745513dbc8c946','2 weeks',0,'2013-07-16 16:48:20','2013-07-30 16:48:20'),
	(441,1,'a84f9a4786dd1faf75f06494a15d846c','2 weeks',1,'2013-07-16 18:57:31','2013-07-30 18:57:31'),
	(442,1,'ec798670fb9ba9f48132d73c9daa8222','2 weeks',1,'2013-07-17 10:25:04','2013-07-31 10:25:04'),
	(443,1,'5f6e52f3cfdbccf26bc766e8f4535ca0','2 weeks',1,'2013-07-17 14:33:28','2013-07-31 14:33:28'),
	(444,7,'bbee0c9328e7a01b160a6098159ac716','2 weeks',0,'2013-07-17 17:02:45','2013-07-31 17:02:45'),
	(445,1,'8c45ad9b07d64c774690cd745bb996f1','2 weeks',0,'2013-07-17 17:03:09','2013-07-31 17:03:09'),
	(446,1,'9a69852623884e3843f034eb9a9fbf32','2 weeks',1,'2013-07-17 18:42:41','2013-07-31 18:42:41'),
	(447,0,'df19adc62717169d7c2886cd67fabd01','2 weeks',0,'2013-07-17 23:10:35','2013-07-31 23:10:35'),
	(448,1,'c8ac217275f1185799a57860e38cb6cd','2 weeks',1,'2013-07-17 23:10:51','2013-07-31 23:10:51'),
	(449,0,'12ea89d67bc817ea7175d98d3a445336','2 weeks',0,'2013-07-17 23:22:52','2013-07-31 23:22:52'),
	(450,1,'14b96f96e56d77036f04ec643082d310','2 weeks',1,'2013-07-18 10:23:11','2013-08-01 10:23:11'),
	(451,1,'1fd140261b04f6d622335c3c9f1c2475','2 weeks',0,'2013-07-18 11:08:23','2013-08-01 11:08:23'),
	(452,1,'27b7cefb8d730a915056af842ac49ea0','2 weeks',0,'2013-07-18 14:23:10','2013-08-01 14:23:10'),
	(453,1,'41eb6075ff0d5b94201b65d2252e6403','2 weeks',1,'2013-07-18 14:25:12','2013-08-01 14:25:12'),
	(454,1,'05844b51ec711aaf902fd5c10e14b64e','2 weeks',1,'2013-07-18 19:21:52','2013-08-01 19:21:52'),
	(455,1,'19900c9aa6c8946c4fe1171c5dd18519','2 weeks',0,'2013-07-21 14:21:59','2013-08-04 14:21:59'),
	(456,1,'fe26c41a762ca859841494537b152dd0','2 weeks',1,'2013-07-22 15:30:07','2013-08-05 15:30:07'),
	(457,1,'86237f18d27e53ed80ea34602245b5ee','2 weeks',0,'2013-07-22 15:33:41','2013-08-05 15:33:41'),
	(458,1,'10f48e7f79fa8ab6822603bc27c53878','2 weeks',0,'2013-07-22 15:35:28','2013-08-05 15:35:28'),
	(459,1,'6073b380d9a567ac720c3881004d38eb','2 weeks',0,'2013-07-22 15:35:47','2013-08-05 15:35:47'),
	(460,1,'c5315c55c94b499eafc59ce570a49ac0','2 weeks',0,'2013-07-22 15:37:10','2013-08-05 15:37:10'),
	(461,1,'dfd96d8ee91ade01db6d27bc956d5294','2 weeks',1,'2013-07-23 11:00:05','2013-08-06 11:00:05'),
	(462,1,'fd41581436654841f95aa04794406d25','2 weeks',1,'2013-07-23 15:00:41','2013-08-06 15:00:41'),
	(463,1,'314d11c994bfedb2ba83b1b4f22acbfd','2 weeks',0,'2013-07-23 16:34:27','2013-08-06 16:34:27'),
	(464,1,'89e7ad48ead58a40defd8d6d9b30a3f6','2 weeks',1,'2013-07-23 16:37:10','2013-08-06 16:37:10'),
	(465,7,'5d3f6b14a824d57b0bcb6c47719c5270','2 weeks',0,'2013-07-24 11:12:15','2013-08-07 11:12:15'),
	(466,1,'b61f51798aaf0fc6049c604f8db3bd62','2 weeks',0,'2013-07-24 11:12:29','2013-08-07 11:12:29'),
	(467,1,'b8ab6e1b45c3744c22ed5e0bf785c2b0','2 weeks',1,'2013-07-24 11:29:31','2013-08-07 11:29:31'),
	(468,1,'81f211b4804f76c620f9c84cd8730791','2 weeks',0,'2013-07-24 11:37:50','2013-08-07 11:37:50'),
	(469,7,'9c4c0b1145bdc669853087565448e6f7','2 weeks',0,'2013-07-24 14:09:15','2013-08-07 14:09:15'),
	(470,1,'2dfd9aff552a654d37fb98afdace8dd1','2 weeks',1,'2013-07-24 15:31:17','2013-08-07 15:31:17'),
	(471,1,'ca21de1d0ac3708bed2069364cd3d6ca','2 weeks',1,'2013-07-24 21:24:56','2013-08-07 21:24:56'),
	(472,1,'8d951ee405d9c6b4770c2b0449afadfb','2 weeks',1,'2013-07-25 10:54:22','2013-08-08 10:54:22'),
	(473,7,'115291dc739a3a04b6511f5d5d1b3b58','2 weeks',0,'2013-07-25 11:26:16','2013-08-08 11:26:16'),
	(474,1,'4e458fc6fa1dcc5c4553d50ff8110a37','2 weeks',0,'2013-07-25 14:55:20','2013-08-08 14:55:20'),
	(475,1,'44fd8e92eb81558c4885e907313cb0d9','2 weeks',1,'2013-07-25 15:00:00','2013-08-08 15:00:00'),
	(476,1,'aeec3a8d69a2c008f76e78a1f6aee724','2 weeks',1,'2013-07-29 10:38:23','2013-08-12 10:38:23'),
	(477,1,'81325a0a28ec810dacce2c6371c82a05','2 weeks',1,'2013-07-29 14:39:36','2013-08-12 14:39:36'),
	(478,1,'59f48cd695bbbf80b43adc51cd372eb3','2 weeks',1,'2013-07-30 10:40:17','2013-08-13 10:40:17'),
	(479,1,'0af88c030bea7eb79c0184678e8b4edd','2 weeks',1,'2013-07-30 15:28:43','2013-08-13 15:28:43'),
	(480,1,'1f2cbbf080757fbcb81136215161ad73','2 weeks',1,'2013-07-31 11:05:37','2013-08-14 11:05:37'),
	(481,1,'df29ac538b8091f480fbc4f2cbac8e6e','2 weeks',1,'2013-07-31 15:08:41','2013-08-14 15:08:41'),
	(482,1,'ec150ef0b13ec2dc39f60445202edf39','2 weeks',1,'2013-08-01 10:49:56','2013-08-15 10:49:56'),
	(483,1,'334670a72dc6ad120d4a2782b200377c','2 weeks',1,'2013-08-01 14:51:02','2013-08-15 14:51:02'),
	(484,1,'86c24ae3f302e1587cc8f0d1d1a84167','2 weeks',1,'2013-08-02 12:07:11','2013-08-16 12:07:11'),
	(485,1,'293e6950fd70d230e4377562d6e3c65d','2 weeks',1,'2013-08-02 16:08:57','2013-08-16 16:08:57'),
	(486,1,'8f86b4e3bb651167ba0f695b7106cd88','2 weeks',1,'2013-08-05 09:42:36','2013-08-19 09:42:36'),
	(487,1,'4c58f2842cef57a1d45fe5958c6537f7','2 weeks',0,'2013-08-05 14:02:38','2013-08-19 14:02:38'),
	(488,1,'23c728a7be481fe32557765b2a8698aa','2 weeks',1,'2013-08-05 15:50:48','2013-08-19 15:50:48'),
	(489,7,'94c7d074fd90b0e02fa0280c34fdf03a','2 weeks',0,'2013-08-05 15:50:55','2013-08-19 15:50:55'),
	(490,1,'7ea96d8533f4456055df0144c952589e','2 weeks',1,'2013-08-06 10:38:22','2013-08-20 10:38:22'),
	(491,1,'4aa166024a418ebdba589fbb3b39cb12','2 weeks',1,'2013-08-06 10:58:28','2013-08-20 10:58:28'),
	(492,1,'b3c4007f190e2251f0e3d2d4dc818726','2 weeks',0,'2013-08-06 14:47:26','2013-08-20 14:47:26'),
	(493,1,'00072c8fa5814904410e12d56126f798','2 weeks',1,'2013-08-07 11:02:15','2013-08-21 11:02:15'),
	(494,1,'b4b4773710064faf04f88499899c5486','2 weeks',1,'2013-08-07 15:02:34','2013-08-21 15:02:34'),
	(495,1,'ba1bb93935e9ca8cbc3f8e693a095e7f','2 weeks',1,'2013-08-08 10:39:29','2013-08-22 10:39:29'),
	(496,1,'303653ca735c7f343e833372fcbc7e44','2 weeks',1,'2013-08-08 14:39:46','2013-08-22 14:39:46'),
	(497,0,'2f12cd48c77b2c9e44708259baec8062','2 weeks',0,'2013-08-08 17:40:00','2013-08-22 17:40:00'),
	(498,1,'9669a97dabbe79dc9f66a48944602b9e','2 weeks',1,'2013-08-08 17:43:15','2013-08-22 17:43:15'),
	(499,1,'40a15662bfdd23aa58df0a22eac4a674','2 weeks',1,'2013-08-08 21:43:59','2013-08-22 21:43:59'),
	(500,1,'a32d5dfd2edee0d322a7ca7b2f1966bd','2 weeks',1,'2013-08-09 10:37:22','2013-08-23 10:37:22'),
	(501,1,'d9a698254d7aa4e2f09767fd9935c6ec','2 weeks',1,'2013-08-09 14:38:51','2013-08-23 14:38:51'),
	(502,1,'c605f1dc45b78e730ce13ad8f904cf38','2 weeks',1,'2013-08-12 10:36:37','2013-08-26 10:36:37'),
	(503,1,'3f5bdfe87fa833d97e2175ae56c87202','2 weeks',1,'2013-08-12 15:04:14','2013-08-26 15:04:14'),
	(504,1,'3fb38a692bbd37b3fe6ecfa46c053569','2 weeks',1,'2013-08-13 10:56:25','2013-08-27 10:56:25'),
	(505,1,'c4ae5e3aa913a18d69f3293e7931a684','2 weeks',1,'2013-08-13 14:56:27','2013-08-27 14:56:27'),
	(506,1,'e4034fd75186df5a5fa99f429c193b99','2 weeks',0,'2013-08-14 11:13:19','2013-08-28 11:13:19'),
	(507,1,'495ffef3056a142a95c6c2e358b6a9ea','2 weeks',1,'2013-08-14 12:51:46','2013-08-28 12:51:46'),
	(508,1,'4d158ff5b7c8594209ef92e3fa4ff541','2 weeks',0,'2013-08-14 12:58:51','2013-08-28 12:58:51'),
	(509,1,'1e7a6e1fe68dafc10151d6495c6b72cb','2 weeks',1,'2013-08-14 13:16:33','2013-08-28 13:16:33'),
	(510,1,'30f71ee0d0d04e2aae7fcb05c551d0de','2 weeks',0,'2013-08-14 15:00:52','2013-08-28 15:00:52'),
	(511,1,'0e05997b619f79a14a4a900a3e8915b7','2 weeks',1,'2013-08-15 10:54:06','2013-08-29 10:54:06'),
	(512,1,'ee7ec7d467a6f19d48652f34d39050f0','2 weeks',0,'2013-08-15 15:34:47','2013-08-29 15:34:47'),
	(513,1,'b4ac3dc586faa9cb1d98bec7a9e932e9','2 weeks',1,'2013-08-18 21:14:20','2013-09-01 21:14:20'),
	(514,1,'9a4e2a56aa5191a4eb1d2f26f767444c','2 weeks',0,'2013-08-19 19:30:18','2013-09-02 19:30:18'),
	(515,1,'ac70b6f1fd4fd2f8672d2c16c836f0c9','2 weeks',1,'2013-08-21 10:40:00','2013-09-04 10:40:00'),
	(516,1,'bbae14e594c4b7c63a867d38e2d2e4b3','2 weeks',1,'2013-08-21 14:46:19','2013-09-04 14:46:19'),
	(517,1,'249024c977c7b47ba5b67b5068b8ac96','2 weeks',1,'2013-08-22 10:45:11','2013-09-05 10:45:11'),
	(518,1,'2cbd40a62443c343dfbea9ffe8ca6c55','2 weeks',1,'2013-08-22 14:46:17','2013-09-05 14:46:17'),
	(519,1,'409414609b9fc5f76f3858fca34e4229','2 weeks',1,'2013-08-23 11:23:33','2013-09-06 11:23:33'),
	(520,1,'633dd663a58be487a45c8b8c1ac9bfe7','2 weeks',1,'2013-08-23 15:24:02','2013-09-06 15:24:02'),
	(521,1,'429e04652530c05b0d9e1a0055e95c7e','2 weeks',1,'2013-08-26 11:05:58','2013-09-09 11:05:58'),
	(522,1,'5a9578d3e210f160f8ec2f6cf523fe8d','2 weeks',1,'2013-08-26 15:08:29','2013-09-09 15:08:29'),
	(523,1,'41e75d5b79f770f3854b7e64f66f99f2','2 weeks',1,'2013-08-27 11:33:26','2013-09-10 11:33:26'),
	(524,1,'4bd769f1a6731cd782702b6a20e6d272','2 weeks',1,'2013-08-27 16:58:40','2013-09-10 16:58:40'),
	(525,1,'bcd66992cf6e53af4c800adc2e264153','2 weeks',1,'2013-08-28 11:38:59','2013-09-11 11:38:59'),
	(526,1,'1f346677c61fbcae5d7ae5ee90b581cb','2 weeks',1,'2013-08-28 15:46:13','2013-09-11 15:46:13'),
	(527,1,'a65067e9bdbf4df124344f6d68c2bbbf','2 weeks',1,'2013-08-29 11:03:42','2013-09-12 11:03:42'),
	(528,1,'8d6868da4900aec81993a2874f623c7d','2 weeks',1,'2013-08-29 15:02:23','2013-09-12 15:02:23'),
	(529,1,'ccbc6978d77464e55f0556813b1bfe82','2 weeks',0,'2013-08-29 15:04:14','2013-09-12 15:04:14'),
	(530,1,'82befea8e633f3e0b369dd40104d7b6d','2 weeks',1,'2013-09-03 11:25:12','2013-09-17 11:25:12'),
	(531,1,'28272dde69763823e6d0ee8ef04c9aaf','2 weeks',1,'2013-09-03 15:40:06','2013-09-17 15:40:06'),
	(532,1,'42d0ab0394f1b8dd3bf820e32da91294','2 weeks',1,'2013-09-05 10:38:34','2013-09-19 10:38:34'),
	(533,1,'b6a3407ee36c5f163e8233703072b8ef','2 weeks',0,'2013-09-05 11:41:12','2013-09-19 11:41:12'),
	(534,1,'f8c8bf99c1ff5f49dda163a20a95be83','2 weeks',0,'2013-09-05 11:41:15','2013-09-19 11:41:15'),
	(535,1,'879aae122da7a168e2431b4649ff444c','2 weeks',1,'2013-09-05 14:57:39','2013-09-19 14:57:39'),
	(536,1,'1b1d45fa1b9a67ae28a17c810235fb51','2 weeks',1,'2013-09-09 00:17:50','2013-09-23 00:17:50'),
	(537,1,'3a4fb51491ccb335c14b613873522f13','2 weeks',1,'2013-09-09 10:45:57','2013-09-23 10:45:57'),
	(538,1,'e54d59958aa8de9baf53895cbbadb7db','2 weeks',1,'2013-09-09 15:13:51','2013-09-23 15:13:51'),
	(539,1,'8eecdddfb86a4d4b84dc479dd8b4735b','2 weeks',1,'2013-09-10 10:47:53','2013-09-24 10:47:53'),
	(540,1,'9ec2340ea1e40e735fe110fa366c4264','2 weeks',1,'2013-09-10 14:49:48','2013-09-24 14:49:48'),
	(541,1,'9186b055ad5482c4efedf2dad3a30cb8','2 weeks',1,'2013-09-11 10:56:13','2013-09-25 10:56:13'),
	(542,1,'511b9b0c475c571b9576a308b4d81536','2 weeks',1,'2013-09-11 14:58:00','2013-09-25 14:58:00'),
	(543,1,'011101ecd9f234da3dbe2080d9ab7598','2 weeks',1,'2013-09-12 11:04:16','2013-09-26 11:04:16'),
	(544,1,'7f566e622bb311bdd9a9d9026395a9df','2 weeks',1,'2013-09-12 15:14:53','2013-09-26 15:14:53'),
	(545,1,'bb959be26a9ce8a15207c0d709e265da','2 weeks',1,'2013-09-13 10:43:29','2013-09-27 10:43:29'),
	(546,1,'762dc0c19af2752c28a8c25fd7fa9197','2 weeks',1,'2013-09-16 11:30:33','2013-09-30 11:30:33'),
	(547,1,'bc1e92321c198a67dbaf1e0790d16267','2 weeks',1,'2013-09-16 15:32:42','2013-09-30 15:32:42'),
	(548,1,'19a9469f21f121a1279c66acdee292c5','2 weeks',1,'2013-09-19 10:39:36','2013-10-03 10:39:36'),
	(549,1,'5cbcf2b60a8a8f0b7a33754600927d38','2 weeks',1,'2013-09-20 12:54:12','2013-10-04 12:54:12'),
	(550,1,'f8d62c1352aa366d1322a6a041c5bb01','2 weeks',1,'2013-09-23 11:13:14','2013-10-07 11:13:14'),
	(551,1,'53ff5ca238407138e4ed188dc18f40ce','2 weeks',0,'2013-09-23 11:27:55','2013-10-07 11:27:55'),
	(552,1,'911a17cbb556215713f7d5f8bdc65380','2 weeks',1,'2013-09-24 10:57:36','2013-10-08 10:57:36'),
	(553,1,'0c9ea1cbd722c42c675da0b1578dd75c','2 weeks',1,'2013-09-26 12:02:30','2013-10-10 12:02:30'),
	(554,1,'70fda811cd26ce05aecf65e9ebae3d85','2 weeks',1,'2013-09-26 16:17:06','2013-10-10 16:17:06'),
	(555,1,'51ffd179d7cb730e9db86aa9891a25bd','2 weeks',1,'2013-09-27 11:14:10','2013-10-11 11:14:10'),
	(556,1,'4d944651a7906f39d9aa731e6b43b94f','2 weeks',1,'2013-09-27 15:14:11','2013-10-11 15:14:11'),
	(557,1,'dc25a7fc886e3c820bcfce4e4aa9e1f5','2 weeks',1,'2013-09-29 19:01:05','2013-10-13 19:01:05'),
	(558,1,'7f8fb0c209295b8f307cab8d30f40478','2 weeks',1,'2013-09-30 11:44:11','2013-10-14 11:44:11'),
	(559,1,'acd7db59040e8942ded7295599749182','2 weeks',1,'2013-09-30 15:03:08','2013-10-14 15:03:08'),
	(560,1,'ddfece5859453278ca0aadb8227814a9','2 weeks',1,'2013-10-01 10:49:06','2013-10-15 10:49:06'),
	(561,1,'b5c8b80166515b9908f6bc4746103a59','2 weeks',1,'2013-10-01 14:54:34','2013-10-15 14:54:34'),
	(562,1,'4f59cb425793ac87652b8a1dbeb1efba','2 weeks',1,'2013-10-02 10:29:17','2013-10-16 10:29:17'),
	(563,1,'d14af3c7365aaf8f5ac2a213cfb510e9','2 weeks',0,'2013-10-02 14:39:41','2013-10-16 14:39:41'),
	(564,1,'ed07533efe3a1e59eb8cc34141016cf4','2 weeks',1,'2013-10-03 10:30:57','2013-10-17 10:30:57'),
	(565,1,'f358f65970c0f7c5c5bcfd4d6dca0e00','2 weeks',1,'2013-10-03 14:35:33','2013-10-17 14:35:33'),
	(566,1,'42fb87fc098ba6b02c26d34c0043d1a1','2 weeks',0,'2013-10-04 09:51:45','2013-10-18 09:51:45');

/*!40000 ALTER TABLE `login_tokens` ENABLE KEYS */;
UNLOCK TABLES;


# Dump of table origin_ad_desktop_initial_contents
# ------------------------------------------------------------

DROP TABLE IF EXISTS `origin_ad_desktop_initial_contents`;

CREATE TABLE `origin_ad_desktop_initial_contents` (
  `id` int(11) NOT NULL AUTO_INCREMENT,
  `origin_ad_id` int(11) NOT NULL,
  `origin_ad_schedule_id` int(11) NOT NULL,
  `content` text,
  `config` text,
  `render` text,
  `type` varchar(100) DEFAULT NULL,
  `order` int(11) DEFAULT '0',
  PRIMARY KEY (`id`)
) ENGINE=InnoDB DEFAULT CHARSET=utf8;

LOCK TABLES `origin_ad_desktop_initial_contents` WRITE;
/*!40000 ALTER TABLE `origin_ad_desktop_initial_contents` DISABLE KEYS */;

INSERT INTO `origin_ad_desktop_initial_contents` (`id`, `origin_ad_id`, `origin_ad_schedule_id`, `content`, `config`, `render`, `type`, `order`)
VALUES
	(32,1,1,'{\"title\":\"Background\",\"type\":\"background\",\"upload\":\"\\/assets\\/creator\\/1\\/initial-2.jpg\",\"image\":\"\\/assets\\/creator\\/1\\/initial-2.jpg\"}','{\"height\":\"66px\",\"left\":\"0\",\"top\":\"0px\",\"width\":\"1500px\"}','<img src=\"/assets/creator/1/initial-2.jpg\" class=\"adContent-item background\"/>','background',0),
	(36,1,1,'{\"title\":\"Toggle\",\"type\":\"toggle\",\"event\":false}','{\"top\":\"6px\",\"left\":\"1037px\",\"width\":\"170px\",\"height\":\"60px\"}','<a href=\"javascript:void(0)\" class=\"cta toggle\" toggle=\"click\"></a>','toggle',2),
	(42,15,14,'{\"title\":\"Background\",\"type\":\"background\",\"upload\":\"\\/assets\\/creator\\/15\\/rememberme.jpg\",\"image\":\"\\/assets\\/creator\\/15\\/_initial.jpg\",\"bgUpload\":\"\\/assets\\/creator\\/15\\/_initial.jpg\"}','{\"height\":\"100%\",\"left\":\"0px\",\"top\":\"0px\",\"width\":\"100%\"}','<img src=\"/assets/creator/15/_initial.jpg\" class=\"background\"/>','background',1),
	(44,14,13,'{\"title\":\"Background\",\"type\":\"background\",\"upload\":\"\\/assets\\/creator\\/14\\/ac4.jpg\",\"image\":\"\\/assets\\/creator\\/14\\/_initial-2.jpg\",\"bgUpload\":\"\\/assets\\/creator\\/14\\/_initial-2.jpg\",\"iframe\":true,\"autoplay\":true,\"automute\":true,\"autoclose\":true}','{\"height\":\"100%\",\"left\":\"0px\",\"top\":\"0px\",\"width\":\"100%\"}','<img src=\"/assets/creator/14/_initial-2.jpg\" class=\"background\"/>','background',0),
	(58,16,15,'{\"title\":\"Toggle\",\"type\":\"toggle\",\"event\":true}','{\"top\":\"0px\",\"left\":\"0px\",\"width\":\"300px\",\"height\":\"249px\"}','<a href=\"javascript:void(0)\" class=\"cta toggle\" toggle=\"click\"></a>','toggle',1),
	(60,16,15,'{\"title\":\"Background\",\"type\":\"background\",\"image\":\"\\/assets\\/creator\\/16\\/_initial.jpg\",\"iframe\":true,\"autoplay\":true,\"automute\":true,\"autoclose\":true,\"bgUpload\":\"\\/assets\\/creator\\/16\\/_initial.jpg\"}','{\"height\":\"100%\",\"left\":\"0px\",\"top\":\"0px\",\"width\":\"100%\"}','<img src=\"/assets/creator/16/_initial.jpg\" class=\"background\"/>','background',0),
	(65,20,17,'{\"title\":\"Background\",\"type\":\"background\",\"bgUpload\":\"\\/assets\\/creator\\/20\\/_initial.jpg\",\"image\":\"\\/assets\\/creator\\/20\\/_initial.jpg\"}','{\"height\":\"100%\",\"left\":\"0px\",\"top\":\"0px\",\"width\":\"100%\"}','<img src=\"/assets/creator/20/_initial.jpg\" class=\"background\"/>','background',1),
	(66,20,17,'{\"title\":\"Toggle\",\"type\":\"toggle\",\"event\":true}','{\"top\":\"0px\",\"left\":\"0px\",\"width\":\"725px\",\"height\":\"88px\"}','<a href=\"javascript:void(0)\" class=\"cta toggle\" toggle=\"click\"></a>','toggle',2),
	(67,30,27,'{\"title\":\"Background\",\"type\":\"background\",\"bgUpload\":\"\\/assets\\/creator\\/30\\/_initial.jpg\",\"image\":\"\\/assets\\/creator\\/30\\/_initial.jpg\"}','{\"height\":\"100%\",\"left\":\"0px\",\"top\":\"0px\",\"width\":\"100%\"}','<img src=\"/assets/creator/30/_initial.jpg\" class=\"background\"/>','background',1),
	(68,30,27,'{\"title\":\"Toggle\",\"type\":\"toggle\",\"event\":false}','{\"top\":\"1px\",\"left\":\"20px\",\"width\":\"913px\",\"height\":\"65px\"}','<a href=\"javascript:void(0)\" class=\"cta toggle\" toggle=\"click\"></a>','toggle',3),
	(73,32,28,'{\"title\":\"Background\",\"type\":\"background\",\"iframe\":true,\"autoplay\":true,\"automute\":true,\"autoclose\":true,\"image\":\"\\/assets\\/creator\\/32\\/_initial.jpg\"}','{\"height\":\"100%\",\"left\":\"0px\",\"top\":\"0px\",\"width\":\"100%\"}','<img src=\"/assets/creator/32/_initial.jpg\" class=\"background\"/>','background',1),
	(75,40,33,'{\"title\":\"Background\",\"type\":\"background\",\"image\":\"\\/assets\\/creator\\/40\\/_initial.jpg\"}','{\"height\":\"100%\",\"left\":\"0px\",\"top\":\"0px\",\"width\":\"100%\"}','<img src=\"/assets/creator/40/_initial.jpg\" class=\"background\"/>','background',0),
	(76,40,33,'{\"title\":\"Toggle\",\"type\":\"toggle\",\"iframe\":true,\"autoplay\":true,\"automute\":true,\"autoclose\":true,\"event\":false,\"hoverIntent\":true}','{\"top\":\"3px\",\"left\":\"333px\",\"width\":\"827px\",\"height\":\"63px\"}','<a href=\"javascript:void(0)\" class=\"cta toggle\" toggle=\"click\"></a>','toggle',1),
	(78,14,13,'{\"title\":\"DoubleClick Link\",\"type\":\"dfp-link\",\"placeholder\":\"dfp-1\"}','{\"height\":\"50px\",\"left\":\"0px\",\"top\":\"0px\",\"width\":\"50px\"}','<a dfp=\"dfp-1\" target=\"_blank\" class=\"link\">DFP Placeholder dfp-1</a>','dfp-link',3),
	(79,14,13,'{\"title\":\"Springboard\",\"type\":\"springboard\",\"iframe\":true,\"autoplay\":true,\"automute\":true,\"autoclose\":true,\"videoId\":\"732705\",\"preview\":\"<iframe id=\\\"evor006_732705\\\" src=\\\"http:\\/\\/cms.springboardplatform.com\\/embed_iframe\\/1307\\/video\\/732705\\/evor006\\/evolve-origin\\/10\\\" width=\\\"274\\\" height=\\\"154\\\" frameborder=\\\"0\\\" scrolling=\\\"no\\\"><\\/iframe>\",\"embed\":\"<script language=\\\"javascript\\\" type=\\\"text\\/javascript\\\" src=\\\"http:\\/\\/www.springboardplatform.com\\/jsapi\\/embed\\\"><\\/script><div class=\\\"videoPlayer\\\" id=\\\"evor001_732705\\\"><\\/div><script type=\\\"text\\/javascript\\\">$sb(\\\"evor001_732705\\\",{\\\"sbFeed\\\":{\\\"partnerId\\\":1307,\\\"type\\\":\\\"video\\\",\\\"contentId\\\":732705,\\\"cname\\\":\\\"evolve-origin\\\"},\\\"style\\\":{\\\"width\\\":\\\"300px\\\",\\\"height\\\":\\\"169px\\\"}});<\\/script><script type=\\\"text\\/javascript\\\">iframe.springboard(\\\"evor001_732705\\\", {\\\"autoplay\\\":true,\\\"automute\\\":true,\\\"autoclose\\\":true,\\\"muteplayer\\\":undefined,\\\"unmutehover\\\":undefined,\\\"unmuterestart\\\":undefined})<\\/script><script type=\\\"text\\/javascript\\\" src=\\\"http:\\/\\/s0.2mdn.net\\/instream\\/html5\\/ima3.js\\\"><\\/script>\"}','{\"height\":\"169px\",\"left\":\"0px\",\"top\":\"0px\",\"width\":\"300px\"}','<iframe class=\"embed\" src=\"http://local.evolveorigin/adIframe/OriginAdDesktopInitialContent/79\" frameborder=\"0\" scrolling=\"no\" collapse=\"iframe\"></iframe>','springboard',4),
	(80,14,13,'{\"title\":\"DoubleClick Link\",\"type\":\"dfp-link\",\"iframe\":true,\"autoplay\":true,\"automute\":true,\"autoclose\":true,\"placeholder\":\"dfp-2\"}','{\"height\":\"169px\",\"left\":\"0px\",\"top\":\"0px\",\"width\":\"300px\"}','<a dfp=\"dfp-2\" target=\"_blank\" class=\"link\">DFP Placeholder dfp-2</a>','dfp-link',5),
	(96,81,70,'{\"title\":\"Background\",\"type\":\"background\",\"bgUpload\":\"\\/assets\\/creator\\/81\\/initial.jpg\",\"image\":\"\\/assets\\/creator\\/81\\/initial.jpg\"}','{\"height\":\"100%\",\"left\":\"0px\",\"top\":\"0px\",\"width\":\"100%\"}','<img src=\"/assets/creator/81/initial.jpg\" class=\"background\"/>','background',1),
	(97,81,70,'{\"title\":\"Toggle\",\"type\":\"toggle\",\"event\":true,\"hoverIntent\":false}','{\"top\":\"0px\",\"left\":\"920px\",\"width\":\"50px\",\"height\":\"50px\"}','<a href=\"javascript:void(0)\" class=\"cta toggle\" toggle=\"click\"></a>','toggle',2),
	(98,82,71,'{\"title\":\"Background\",\"type\":\"background\",\"bgUpload\":\"\\/assets\\/creator\\/82\\/_initial.jpg\",\"image\":\"\\/assets\\/creator\\/82\\/_initial.jpg\"}','{\"height\":\"100%\",\"left\":\"0px\",\"top\":\"0px\",\"width\":\"100%\"}','<img src=\"/assets/creator/82/_initial.jpg\" class=\"background\"/>','background',-1),
	(99,82,71,'{\"title\":\"Toggle\",\"type\":\"toggle\",\"event\":true,\"hoverIntent\":false}','{\"top\":\"6px\",\"left\":\"10px\",\"width\":\"500px\",\"height\":\"200px\"}','<a href=\"javascript:void(0)\" class=\"cta toggle\" toggle=\"click\"></a>','toggle',1),
	(105,30,0,'{\"title\":\"Springboard\",\"type\":\"springboard\",\"iframe\":true,\"autoplay\":true,\"automute\":true,\"autoclose\":true,\"videoId\":\"740189\",\"preview\":\"<iframe id=\\\"evor006_740189\\\" src=\\\"http:\\/\\/cms.springboardplatform.com\\/embed_iframe\\/1307\\/video\\/740189\\/evor006\\/evolve-origin\\/10\\\" width=\\\"274\\\" height=\\\"154\\\" frameborder=\\\"0\\\" scrolling=\\\"no\\\"><\\/iframe>\",\"embed\":\"<script language=\\\"javascript\\\" type=\\\"text\\/javascript\\\" src=\\\"http:\\/\\/www.springboardplatform.com\\/jsapi\\/embed\\\"><\\/script><div class=\\\"videoPlayer\\\" id=\\\"evor001_740189\\\"><\\/div><script type=\\\"text\\/javascript\\\">$sb(\\\"evor001_740189\\\",{\\\"sbFeed\\\":{\\\"partnerId\\\":1307,\\\"type\\\":\\\"video\\\",\\\"contentId\\\":740189,\\\"cname\\\":\\\"evolve-origin\\\"},\\\"style\\\":{\\\"width\\\":\\\"251px\\\",\\\"height\\\":\\\"61px\\\"}});<\\/script><script type=\\\"text\\/javascript\\\">iframe.springboard(\\\"evor001_740189\\\", {\\\"autoplay\\\":true,\\\"automute\\\":true,\\\"autoclose\\\":true,\\\"muteplayer\\\":undefined,\\\"unmutehover\\\":undefined,\\\"unmuterestart\\\":undefined})<\\/script><script type=\\\"text\\/javascript\\\" src=\\\"http:\\/\\/s0.2mdn.net\\/instream\\/html5\\/ima3.js\\\"><\\/script>\"}','{\"top\":\"0px\",\"left\":\"465px\",\"width\":\"251px\",\"height\":\"61px\"}',NULL,'springboard',4),
	(106,15,14,'{\"title\":\"Springboard\",\"type\":\"springboard\",\"iframe\":true,\"autoplay\":true,\"automute\":true,\"autoclose\":true,\"videoId\":\"732705\",\"preview\":\"<iframe id=\\\"evor006_732705\\\" src=\\\"http:\\/\\/cms.springboardplatform.com\\/embed_iframe\\/1307\\/video\\/732705\\/evor006\\/evolve-origin\\/10\\\" width=\\\"274\\\" height=\\\"154\\\" frameborder=\\\"0\\\" scrolling=\\\"no\\\"><\\/iframe>\",\"embed\":\"<script language=\\\"javascript\\\" type=\\\"text\\/javascript\\\" src=\\\"http:\\/\\/www.springboardplatform.com\\/jsapi\\/embed\\\"><\\/script><div class=\\\"videoPlayer\\\" id=\\\"evor001_732705\\\"><\\/div><script type=\\\"text\\/javascript\\\">$sb(\\\"evor001_732705\\\",{\\\"sbFeed\\\":{\\\"partnerId\\\":1307,\\\"type\\\":\\\"video\\\",\\\"contentId\\\":732705,\\\"cname\\\":\\\"evolve-origin\\\"},\\\"style\\\":{\\\"width\\\":\\\"498px\\\",\\\"height\\\":\\\"269px\\\"}});<\\/script><script type=\\\"text\\/javascript\\\">iframe.springboard(\\\"evor001_732705\\\", {\\\"autoplay\\\":true,\\\"automute\\\":true,\\\"autoclose\\\":true,\\\"muteplayer\\\":undefined,\\\"unmutehover\\\":undefined,\\\"unmuterestart\\\":undefined})<\\/script><script type=\\\"text\\/javascript\\\" src=\\\"http:\\/\\/s0.2mdn.net\\/instream\\/html5\\/ima3.js\\\"><\\/script>\"}','{\"top\":\"136px\",\"left\":\"182px\",\"width\":\"498px\",\"height\":\"269px\"}','<iframe class=\"embed\" src=\"http://local.evolveorigin/adIframe/OriginAdDesktopInitialContent/106\" frameborder=\"0\" scrolling=\"no\" collapse=\"iframe\"></iframe>','springboard',2),
	(107,82,74,'{\"title\":\"Link\",\"type\":\"link\",\"link\":\"http:\\/\\/test.com\"}','{\"height\":\"50px\",\"left\":\"0px\",\"top\":\"0px\",\"width\":\"50px\"}','<a href=\"http://test.com\" target=\"_blank\" class=\"link\">http://test.com</a>','link',2);

/*!40000 ALTER TABLE `origin_ad_desktop_initial_contents` ENABLE KEYS */;
UNLOCK TABLES;


# Dump of table origin_ad_desktop_triggered_contents
# ------------------------------------------------------------

DROP TABLE IF EXISTS `origin_ad_desktop_triggered_contents`;

CREATE TABLE `origin_ad_desktop_triggered_contents` (
  `id` int(11) NOT NULL AUTO_INCREMENT,
  `origin_ad_id` int(11) NOT NULL,
  `origin_ad_schedule_id` int(11) NOT NULL,
  `content` text,
  `config` text,
  `render` text,
  `type` varchar(100) DEFAULT NULL,
  `order` int(11) DEFAULT NULL,
  PRIMARY KEY (`id`)
) ENGINE=InnoDB DEFAULT CHARSET=utf8;

LOCK TABLES `origin_ad_desktop_triggered_contents` WRITE;
/*!40000 ALTER TABLE `origin_ad_desktop_triggered_contents` DISABLE KEYS */;

INSERT INTO `origin_ad_desktop_triggered_contents` (`id`, `origin_ad_id`, `origin_ad_schedule_id`, `content`, `config`, `render`, `type`, `order`)
VALUES
	(19,1,1,'{\"title\":\"Background\",\"type\":\"background\",\"image\":\"\\/assets\\/creator\\/1\\/triggered.jpg\",\"upload\":\"\\/assets\\/creator\\/1\\/triggered.jpg\"}','{\"height\":\"415px\",\"left\":\"0px\",\"top\":\"0px\",\"width\":\"1500px\"}','<img src=\"/assets/creator/1/triggered.jpg\" class=\"adContent-item background\"/>','background',0),
	(20,1,1,'{\"title\":\"Toggle\",\"type\":\"toggle\",\"event\":true}','{\"top\":\"21px\",\"left\":\"291px\",\"width\":\"91px\",\"height\":\"46px\"}','<a href=\"javascript:void(0)\" class=\"cta toggle\" toggle=\"click\"></a>','toggle',1),
	(22,16,15,'{\"title\":\"Background\",\"type\":\"background\",\"upload\":\"\\/assets\\/creator\\/16\\/triggered-915x515.jpg\",\"image\":\"\\/assets\\/creator\\/16\\/_triggered.jpg\",\"bgUpload\":\"\\/assets\\/creator\\/16\\/_triggered.jpg\"}','{\"height\":\"100%\",\"left\":\"0px\",\"top\":\"0px\",\"width\":\"100%\"}','<img src=\"/assets/creator/16/_triggered.jpg\" class=\"background\"/>','background',0),
	(23,16,15,'{\"title\":\"Toggle\",\"type\":\"toggle\",\"event\":false}','{\"top\":\"0px\",\"left\":\"0px\",\"width\":\"50px\",\"height\":\"48px\"}','<a href=\"javascript:void(0)\" class=\"cta toggle\" toggle=\"click\"></a>','toggle',2),
	(29,20,17,'{\"title\":\"Background\",\"type\":\"background\",\"bgUpload\":\"\\/assets\\/creator\\/20\\/_triggered.jpg\",\"image\":\"\\/assets\\/creator\\/20\\/_triggered.jpg\"}','{\"height\":\"100%\",\"left\":\"0px\",\"top\":\"0px\",\"width\":\"100%\"}','<img src=\"/assets/creator/20/_triggered.jpg\" class=\"background\"/>','background',1),
	(30,20,17,'{\"title\":\"Toggle\",\"type\":\"toggle\",\"event\":true}','{\"top\":\"0px\",\"left\":\"0px\",\"width\":\"49px\",\"height\":\"49px\"}','<a href=\"javascript:void(0)\" class=\"cta toggle\" toggle=\"click\"></a>','toggle',2),
	(34,20,17,'{\"title\":\"Springboard\",\"type\":\"springboard\",\"iframe\":true,\"autoplay\":true,\"automute\":true,\"autoclose\":true,\"videoId\":\"732699\",\"preview\":\"<iframe id=\\\"evor006_732699\\\" src=\\\"http:\\/\\/cms.springboardplatform.com\\/embed_iframe\\/1307\\/video\\/732699\\/evor006\\/evolve-origin\\/10\\\" width=\\\"274\\\" height=\\\"154\\\" frameborder=\\\"0\\\" scrolling=\\\"no\\\"><\\/iframe>\",\"embed\":\"<script language=\\\"javascript\\\" type=\\\"text\\/javascript\\\" src=\\\"http:\\/\\/www.springboardplatform.com\\/jsapi\\/embed\\\"><\\/script><div class=\\\"videoPlayer\\\" id=\\\"evor001_732699\\\"><\\/div><script type=\\\"text\\/javascript\\\">$sb(\\\"evor001_732699\\\",{\\\"sbFeed\\\":{\\\"partnerId\\\":1307,\\\"type\\\":\\\"video\\\",\\\"contentId\\\":732699,\\\"cname\\\":\\\"evolve-origin\\\"},\\\"style\\\":{\\\"width\\\":\\\"620px\\\",\\\"height\\\":\\\"349px\\\"}});<\\/script><script type=\\\"text\\/javascript\\\">iframe.springboard(\\\"evor001_732699\\\", {\\\"autoplay\\\":true,\\\"automute\\\":true,\\\"autoclose\\\":true,\\\"muteplayer\\\":undefined,\\\"unmutehover\\\":undefined,\\\"unmuterestart\\\":undefined})<\\/script><script type=\\\"text\\/javascript\\\" src=\\\"http:\\/\\/s0.2mdn.net\\/instream\\/html5\\/ima3.js\\\"><\\/script>\"}','{\"top\":\"66px\",\"left\":\"167px\",\"width\":\"620px\",\"height\":\"364px\"}','<iframe class=\"embed\" src=\"http://local.evolveorigin/adIframe/OriginAdDesktopTriggeredContent/34\" frameborder=\"0\" scrolling=\"no\" collapse=\"iframe\"></iframe>','springboard',3),
	(35,16,15,'{\"title\":\"Springboard\",\"type\":\"springboard\",\"iframe\":true,\"autoplay\":true,\"automute\":true,\"autoclose\":true,\"videoId\":\"732703\",\"preview\":\"<iframe id=\\\"evor006_732703\\\" src=\\\"http:\\/\\/cms.springboardplatform.com\\/embed_iframe\\/1307\\/video\\/732703\\/evor006\\/evolve-origin\\/10\\\" width=\\\"274\\\" height=\\\"154\\\" frameborder=\\\"0\\\" scrolling=\\\"no\\\"><\\/iframe>\",\"embed\":\"<script language=\\\"javascript\\\" type=\\\"text\\/javascript\\\" src=\\\"http:\\/\\/www.springboardplatform.com\\/jsapi\\/embed\\\"><\\/script><div class=\\\"videoPlayer\\\" id=\\\"evor001_732703\\\"><\\/div><script type=\\\"text\\/javascript\\\">$sb(\\\"evor001_732703\\\",{\\\"sbFeed\\\":{\\\"partnerId\\\":1307,\\\"type\\\":\\\"video\\\",\\\"contentId\\\":732703,\\\"cname\\\":\\\"evolve-origin\\\"},\\\"style\\\":{\\\"width\\\":\\\"620px\\\",\\\"height\\\":\\\"349px\\\"}});<\\/script><script type=\\\"text\\/javascript\\\">iframe.springboard(\\\"evor001_732703\\\", {\\\"autoplay\\\":true,\\\"automute\\\":true,\\\"autoclose\\\":true,\\\"muteplayer\\\":undefined,\\\"unmutehover\\\":undefined,\\\"unmuterestart\\\":undefined})<\\/script><script type=\\\"text\\/javascript\\\" src=\\\"http:\\/\\/s0.2mdn.net\\/instream\\/html5\\/ima3.js\\\"><\\/script>\"}','{\"top\":\"117px\",\"left\":\"186px\",\"width\":\"620px\",\"height\":\"349px\"}','<iframe class=\"embed\" src=\"http://local.evolveorigin/adIframe/OriginAdDesktopTriggeredContent/35\" frameborder=\"0\" scrolling=\"no\" collapse=\"iframe\"></iframe>','springboard',3),
	(36,14,13,'{\"title\":\"Toggle\",\"type\":\"toggle\",\"event\":true}','{\"top\":\"0px\",\"left\":\"0px\",\"width\":\"85px\",\"height\":\"28px\"}','<a href=\"javascript:void(0)\" class=\"cta toggle\" toggle=\"click\"></a>','toggle',1),
	(48,30,27,'{\"title\":\"Background\",\"type\":\"background\",\"image\":\"\\/assets\\/creator\\/30\\/_triggered.jpg\"}','{\"height\":\"100%\",\"left\":\"0px\",\"top\":\"0px\",\"width\":\"100%\"}','<img src=\"/assets/creator/30/_triggered.jpg\" class=\"background\"/>','background',1),
	(49,30,27,'{\"title\":\"Toggle\",\"type\":\"toggle\",\"event\":true}','{\"top\":\"0px\",\"left\":\"0px\",\"width\":\"50px\",\"height\":\"50px\"}','<a href=\"javascript:void(0)\" class=\"cta toggle\" toggle=\"click\"></a>','toggle',2),
	(50,30,27,'{\"title\":\"Springboard\",\"type\":\"springboard\",\"event\":true,\"iframe\":true,\"autoplay\":true,\"automute\":true,\"autoclose\":true,\"videoId\":\"732621\",\"preview\":\"<iframe id=\\\"evor006_732621\\\" src=\\\"http:\\/\\/cms.springboardplatform.com\\/embed_iframe\\/1307\\/video\\/732621\\/evor006\\/evolve-origin\\/10\\\" width=\\\"274\\\" height=\\\"154\\\" frameborder=\\\"0\\\" scrolling=\\\"no\\\"><\\/iframe>\",\"embed\":\"<script language=\\\"javascript\\\" type=\\\"text\\/javascript\\\" src=\\\"http:\\/\\/www.springboardplatform.com\\/jsapi\\/embed\\\"><\\/script><div class=\\\"videoPlayer\\\" id=\\\"evor001_732621\\\"><\\/div><script type=\\\"text\\/javascript\\\">$sb(\\\"evor001_732621\\\",{\\\"sbFeed\\\":{\\\"partnerId\\\":1307,\\\"type\\\":\\\"video\\\",\\\"contentId\\\":732621,\\\"cname\\\":\\\"evolve-origin\\\"},\\\"style\\\":{\\\"width\\\":\\\"500px\\\",\\\"height\\\":\\\"300px\\\"}});<\\/script><script type=\\\"text\\/javascript\\\">iframe.springboard(\\\"evor001_732621\\\", {\\\"autoplay\\\":true,\\\"automute\\\":true,\\\"autoclose\\\":true,\\\"muteplayer\\\":undefined,\\\"unmutehover\\\":undefined,\\\"unmuterestart\\\":undefined})<\\/script><script type=\\\"text\\/javascript\\\" src=\\\"http:\\/\\/s0.2mdn.net\\/instream\\/html5\\/ima3.js\\\"><\\/script>\"}','{\"top\":\"76px\",\"left\":\"227px\",\"width\":\"500px\",\"height\":\"300px\"}','<iframe class=\"embed\" src=\"http://local.evolveorigin/adIframe/OriginAdDesktopTriggeredContent/50\" frameborder=\"0\" scrolling=\"no\" collapse=\"iframe\"></iframe>','springboard',3),
	(52,40,33,'{\"title\":\"Background\",\"type\":\"background\",\"image\":\"\\/assets\\/creator\\/40\\/_triggered.jpg\"}','{\"height\":\"100%\",\"left\":\"0px\",\"top\":\"0px\",\"width\":\"100%\"}','<img src=\"/assets/creator/40/_triggered.jpg\" class=\"background\"/>','background',1),
	(53,40,33,'{\"title\":\"Toggle\",\"type\":\"toggle\",\"event\":true}','{\"top\":\"15px\",\"left\":\"282px\",\"width\":\"33px\",\"height\":\"34px\"}','<a href=\"javascript:void(0)\" class=\"cta toggle\" toggle=\"click\"></a>','toggle',2),
	(68,81,70,'{\"title\":\"Toggle\",\"type\":\"toggle\",\"event\":true,\"hoverIntent\":false}','{\"top\":\"0px\",\"left\":\"0px\",\"width\":\"89px\",\"height\":\"33px\"}','<a href=\"javascript:void(0)\" class=\"cta toggle\" toggle=\"click\"></a>','toggle',1),
	(69,82,71,'{\"title\":\"Background\",\"type\":\"background\",\"bgUpload\":\"\\/assets\\/creator\\/82\\/_triggered.jpg\",\"image\":\"\\/assets\\/creator\\/82\\/_triggered.jpg\"}','{\"height\":\"100%\",\"left\":\"0px\",\"top\":\"0px\",\"width\":\"100%\"}','<img src=\"/assets/creator/82/_triggered.jpg\" class=\"background\"/>','background',1),
	(70,82,71,'{\"title\":\"Toggle\",\"type\":\"toggle\",\"event\":true,\"hoverIntent\":false}','{\"top\":\"0px\",\"left\":\"11px\",\"width\":\"948px\",\"height\":\"48px\"}','<a href=\"javascript:void(0)\" class=\"cta toggle\" toggle=\"click\"></a>','toggle',2);

/*!40000 ALTER TABLE `origin_ad_desktop_triggered_contents` ENABLE KEYS */;
UNLOCK TABLES;


# Dump of table origin_ad_mobile_initial_contents
# ------------------------------------------------------------

DROP TABLE IF EXISTS `origin_ad_mobile_initial_contents`;

CREATE TABLE `origin_ad_mobile_initial_contents` (
  `id` int(11) NOT NULL AUTO_INCREMENT,
  `origin_ad_id` int(11) NOT NULL,
  `origin_ad_schedule_id` int(11) NOT NULL,
  `content` text,
  `config` text,
  `render` text,
  `type` varchar(100) DEFAULT NULL,
  `order` int(11) DEFAULT NULL,
  PRIMARY KEY (`id`)
) ENGINE=InnoDB DEFAULT CHARSET=utf8;



# Dump of table origin_ad_mobile_triggered_contents
# ------------------------------------------------------------

DROP TABLE IF EXISTS `origin_ad_mobile_triggered_contents`;

CREATE TABLE `origin_ad_mobile_triggered_contents` (
  `id` int(11) NOT NULL AUTO_INCREMENT,
  `origin_ad_id` int(11) NOT NULL,
  `origin_ad_schedule_id` int(11) NOT NULL,
  `content` text,
  `config` text,
  `render` text,
  `type` varchar(100) DEFAULT NULL,
  `order` int(11) DEFAULT NULL,
  PRIMARY KEY (`id`)
) ENGINE=InnoDB DEFAULT CHARSET=utf8;



# Dump of table origin_ad_schedules
# ------------------------------------------------------------

DROP TABLE IF EXISTS `origin_ad_schedules`;

CREATE TABLE `origin_ad_schedules` (
  `id` int(11) NOT NULL AUTO_INCREMENT,
  `origin_ad_id` int(11) NOT NULL,
  `config` text,
  `type` varchar(100) NOT NULL DEFAULT 'default',
  `start_date` timestamp NULL DEFAULT NULL,
  `end_date` timestamp NULL DEFAULT NULL,
  PRIMARY KEY (`id`)
) ENGINE=InnoDB DEFAULT CHARSET=utf8;

LOCK TABLES `origin_ad_schedules` WRITE;
/*!40000 ALTER TABLE `origin_ad_schedules` DISABLE KEYS */;

INSERT INTO `origin_ad_schedules` (`id`, `origin_ad_id`, `config`, `type`, `start_date`, `end_date`)
VALUES
	(1,1,NULL,'default',NULL,NULL),
	(3,1,'','auto','2013-01-01 00:00:00','2013-01-31 00:00:00'),
	(13,14,NULL,'default',NULL,NULL),
	(14,15,NULL,'default',NULL,NULL),
	(15,16,NULL,'default',NULL,NULL),
	(17,20,NULL,'default',NULL,NULL),
	(27,30,NULL,'default',NULL,NULL),
	(28,32,NULL,'default',NULL,NULL),
	(33,40,NULL,'default',NULL,NULL),
	(43,50,NULL,'default',NULL,NULL),
	(70,81,NULL,'default',NULL,NULL),
	(71,82,NULL,'default',NULL,NULL),
	(72,82,NULL,'auto',NULL,NULL),
	(75,82,NULL,'auto','2014-01-01 00:00:00','2015-01-01 00:00:00'),
	(76,82,NULL,'default','2014-01-01 00:00:00','2015-01-01 00:00:00'),
	(77,82,NULL,'default','2014-01-01 00:00:00','2015-01-01 00:00:00'),
	(78,82,NULL,'auto','2014-01-01 00:00:00','2015-01-01 00:00:00'),
	(81,87,NULL,'default',NULL,NULL);

/*!40000 ALTER TABLE `origin_ad_schedules` ENABLE KEYS */;
UNLOCK TABLES;


# Dump of table origin_ad_schedule_autos
# ------------------------------------------------------------

DROP TABLE IF EXISTS `origin_ad_schedule_autos`;

CREATE TABLE `origin_ad_schedule_autos` (
  `id` int(11) NOT NULL AUTO_INCREMENT,
  `origin_ad_id` int(11) NOT NULL,
  `start_date` timestamp NULL DEFAULT NULL,
  `end_date` timestamp NULL DEFAULT NULL,
  PRIMARY KEY (`id`)
) ENGINE=InnoDB DEFAULT CHARSET=utf8;

LOCK TABLES `origin_ad_schedule_autos` WRITE;
/*!40000 ALTER TABLE `origin_ad_schedule_autos` DISABLE KEYS */;

INSERT INTO `origin_ad_schedule_autos` (`id`, `origin_ad_id`, `start_date`, `end_date`)
VALUES
	(1,87,NULL,NULL);

/*!40000 ALTER TABLE `origin_ad_schedule_autos` ENABLE KEYS */;
UNLOCK TABLES;


# Dump of table origin_ad_tablet_initial_contents
# ------------------------------------------------------------

DROP TABLE IF EXISTS `origin_ad_tablet_initial_contents`;

CREATE TABLE `origin_ad_tablet_initial_contents` (
  `id` int(11) NOT NULL AUTO_INCREMENT,
  `origin_ad_id` int(11) NOT NULL,
  `origin_ad_schedule_id` int(11) NOT NULL,
  `content` text,
  `config` text,
  `render` text,
  `type` varchar(100) DEFAULT NULL,
  `order` int(11) DEFAULT NULL,
  PRIMARY KEY (`id`)
) ENGINE=InnoDB DEFAULT CHARSET=utf8;



# Dump of table origin_ad_tablet_triggered_contents
# ------------------------------------------------------------

DROP TABLE IF EXISTS `origin_ad_tablet_triggered_contents`;

CREATE TABLE `origin_ad_tablet_triggered_contents` (
  `id` int(11) NOT NULL AUTO_INCREMENT,
  `origin_ad_id` int(11) NOT NULL,
  `origin_ad_schedule_id` int(11) NOT NULL,
  `content` text,
  `config` text,
  `render` text,
  `type` varchar(100) DEFAULT NULL,
  `order` int(11) DEFAULT NULL,
  PRIMARY KEY (`id`)
) ENGINE=InnoDB DEFAULT CHARSET=utf8;



# Dump of table origin_ads
# ------------------------------------------------------------

DROP TABLE IF EXISTS `origin_ads`;

CREATE TABLE `origin_ads` (
  `id` int(11) NOT NULL AUTO_INCREMENT,
  `name` varchar(100) NOT NULL,
  `config` text,
  `content` text,
  `content_css` text,
  `template_id` int(11) DEFAULT NULL,
  `create_by` int(11) DEFAULT NULL,
  `modify_by` int(11) DEFAULT NULL,
  `create_date` timestamp NOT NULL DEFAULT CURRENT_TIMESTAMP,
  `modify_date` timestamp NOT NULL DEFAULT '0000-00-00 00:00:00',
  `status` int(11) NOT NULL DEFAULT '1',
  `showcase` int(11) NOT NULL DEFAULT '0',
  PRIMARY KEY (`id`)
) ENGINE=InnoDB DEFAULT CHARSET=utf8;

LOCK TABLES `origin_ads` WRITE;
/*!40000 ALTER TABLE `origin_ads` DISABLE KEYS */;

INSERT INTO `origin_ads` (`id`, `name`, `config`, `content`, `content_css`, `template_id`, `create_by`, `modify_by`, `create_date`, `modify_date`, `status`, `showcase`)
VALUES
	(1,'Star Trek Into Darkness','{\"Desktop\":{\"Initial\":{\"width\":\"1500\",\"height\":\"66\"},\"Triggered\":{\"width\":\"1500\",\"height\":\"415\"},\"Animations\":{\"selector\":\"triggered\",\"start\":\"66\",\"end\":\"0\",\"openDuration\":\"500\",\"closeDuration\":\"300\"},\"status\":true},\"Tablet\":{\"Initial\":[],\"Triggered\":[],\"Animations\":[],\"status\":false},\"Mobile\":{\"Initial\":[],\"Triggered\":[],\"Animations\":[],\"status\":false},\"type\":\"expand\",\"placement\":\"top\"}','{\"img_thumbnail\":\"\\/assets\\/creator\\/1\\/ad-thumbnail.jpg\"}',NULL,1,1,1,'2013-03-06 22:24:15','2013-08-08 21:46:16',1,0),
	(14,'Last of Us','{\"Desktop\":{\"Initial\":{\"width\":\"970\",\"height\":\"250\"},\"Triggered\":{\"width\":\"88\",\"height\":\"31\"},\"Animations\":{\"selector\":\"triggered\",\"start\":\"0\",\"end\":\"0\",\"openDuration\":\"0\",\"closeDuration\":\"0\"},\"status\":true},\"Tablet\":{\"Initial\":[],\"Triggered\":[],\"Animations\":[],\"status\":false},\"Mobile\":{\"Initial\":[],\"Triggered\":[],\"Animations\":[],\"status\":false},\"type\":\"expand\",\"placement\":\"default\"}','{\"img_thumbnail\":\"\\/assets\\/creator\\/14\\/_preview.jpg\",\"ga_id\":\"UA-12310597-73\"}',NULL,28,1,1,'2013-04-26 15:45:53','2013-06-21 18:15:04',1,0),
	(15,'Remember Me','{\"Desktop\":{\"Initial\":{\"width\":\"850\",\"height\":\"500\"},\"Triggered\":[],\"Animations\":{\"timer\":\"15\"},\"status\":true},\"Tablet\":{\"Initial\":[],\"Triggered\":[],\"Animations\":[],\"status\":false},\"Mobile\":{\"Initial\":[],\"Triggered\":[],\"Animations\":[],\"status\":false},\"type\":\"prestitial\",\"placement\":\"default\"}','{\"img_thumbnail\":\"\\/assets\\/creator\\/15\\/_preview.jpg\",\"ga_id\":\"UA-12310597-73\"}',NULL,37,1,1,'2013-04-28 00:58:36','2013-08-15 15:34:47',1,1),
	(16,'Transistor','{\"Desktop\":{\"Initial\":{\"width\":\"300\",\"height\":\"250\"},\"Triggered\":{\"width\":\"950\",\"height\":\"500\"},\"Animations\":{},\"status\":true},\"Tablet\":{\"Initial\":[],\"Triggered\":[],\"Animations\":[],\"status\":false},\"Mobile\":{\"Initial\":[],\"Triggered\":[],\"Animations\":[],\"status\":false},\"type\":\"overlay\",\"placement\":\"default\"}','{\"img_thumbnail\":\"\\/assets\\/creator\\/16\\/_preview.jpg\",\"ga_id\":\"UA-12310597-73\"}',NULL,27,1,1,'2013-04-28 00:59:14','2013-08-09 16:15:07',1,1),
	(20,'Man of Steel 728x90','{\"Desktop\":{\"Initial\":{\"width\":\"728\",\"height\":\"90\"},\"Triggered\":{\"width\":\"950\",\"height\":\"500\"},\"Animations\":{},\"status\":true},\"Tablet\":{\"Initial\":[],\"Triggered\":[],\"Animations\":[],\"status\":false},\"Mobile\":{\"Initial\":[],\"Triggered\":[],\"Animations\":[],\"status\":false},\"type\":\"overlay\",\"placement\":\"default\"}','{\"img_thumbnail\":\"\\/assets\\/creator\\/20\\/_preview.jpg\",\"ga_id\":\"UA-12310597-73\"}',NULL,10,1,1,'2013-05-29 15:14:44','2013-06-12 12:07:16',1,1),
	(30,'Beyond: Two Souls','{\"Desktop\":{\"Initial\":{\"width\":\"970\",\"height\":\"66\"},\"Triggered\":{\"width\":\"970\",\"height\":\"415\"},\"Animations\":{\"selector\":\"triggered\",\"start\":\"66\",\"end\":\"0\",\"openDuration\":\"500\",\"closeDuration\":\"300\"},\"status\":true},\"Tablet\":{\"Initial\":[],\"Triggered\":[],\"Animations\":[],\"status\":true},\"Mobile\":{\"Initial\":[],\"Triggered\":[],\"Animations\":[],\"status\":true},\"type\":\"expand\",\"placement\":\"default\"}','{\"img_thumbnail\":\"\\/assets\\/creator\\/30\\/_preview.jpg\",\"ga_id\":\"UA-12310597-73\"}',NULL,41,1,1,'2013-05-30 12:08:33','2013-10-02 11:39:13',1,1),
	(32,'Destiny','{\"Desktop\":{\"Initial\":{\"width\":\"850\",\"height\":\"500\"},\"Triggered\":[],\"Animations\":{\"timer\":\"15\"},\"status\":true},\"Tablet\":{\"Initial\":[],\"Triggered\":[],\"Animations\":[],\"status\":false},\"Mobile\":{\"Initial\":[],\"Triggered\":[],\"Animations\":[],\"status\":false},\"type\":\"interstitial\",\"placement\":\"default\"}','{\"img_thumbnail\":\"\\/assets\\/creator\\/32\\/_preview.jpg\",\"ga_id\":\"UA-12310597-73\"}',NULL,23,1,1,'2013-06-04 15:15:06','2013-06-12 12:06:50',1,1),
	(40,'Mirror\'s Edge','{\"Desktop\":{\"Initial\":{\"width\":\"1500\",\"height\":\"66\"},\"Triggered\":{\"width\":\"1500\",\"height\":\"415\"},\"Animations\":{\"selector\":\"triggered\",\"start\":\"66\",\"end\":\"0\",\"openDuration\":\"500\",\"closeDuration\":\"300\"},\"status\":true},\"Tablet\":{\"Initial\":[],\"Triggered\":[],\"Animations\":[],\"status\":false},\"Mobile\":{\"Initial\":[],\"Triggered\":[],\"Animations\":[],\"status\":false},\"type\":\"expand\",\"placement\":\"top\"}','{\"img_thumbnail\":\"\\/assets\\/creator\\/40\\/_preview.jpg\",\"ga_id\":\"UA-12310597-73\",\"hex\":\"#000000\"}',NULL,33,1,1,'2013-06-11 23:48:35','2013-10-01 11:56:19',1,1),
	(81,'Splinter Cell','{\"Desktop\":{\"Initial\":{\"width\":\"970\",\"height\":\"250\"},\"Triggered\":{\"width\":\"100\",\"height\":\"50\"},\"Animations\":{\"selector\":\"triggered\",\"start\":\"250\",\"end\":\"0\",\"openDuration\":\"0\",\"closeDuration\":\"0\"},\"status\":true},\"Tablet\":{\"Initial\":[],\"Triggered\":[],\"Animations\":[],\"status\":false},\"Mobile\":{\"Initial\":[],\"Triggered\":[],\"Animations\":[],\"status\":false},\"type\":\"expand\",\"placement\":\"default\"}','{\"img_thumbnail\":\"\\/assets\\/creator\\/81\\/_preview.jpg\",\"ga_id\":\"UA-12310597-73\"}',NULL,28,1,1,'2013-07-22 17:19:23','2013-08-19 20:01:36',1,1),
	(82,'Disney Infinity','{\"Desktop\":{\"Initial\":{\"width\":\"970\",\"height\":\"300\"},\"Triggered\":{\"width\":\"970\",\"height\":\"66\"},\"Animations\":{\"selector\":\"triggered\",\"start\":\"300\",\"end\":\"0\",\"openDuration\":\"0\",\"closeDuration\":\"0\"},\"status\":true},\"Tablet\":{\"Initial\":[],\"Triggered\":[],\"Animations\":[],\"status\":true},\"Mobile\":{\"Initial\":[],\"Triggered\":[],\"Animations\":[],\"status\":true},\"type\":\"expand\",\"placement\":\"default\"}','{\"img_thumbnail\":\"\\/assets\\/creator\\/82\\/_preview.jpg\",\"ga_id\":\"UA-12310597-73\"}',NULL,36,1,1,'2013-07-22 17:44:12','2013-10-03 14:37:24',1,1),
	(87,'Testing','{\"Desktop\":{\"Initial\":{\"width\":\"970\",\"height\":\"300\"},\"Triggered\":{\"width\":\"970\",\"height\":\"66\"},\"Animations\":{\"selector\":\"triggered\",\"start\":\"300\",\"end\":\"0\",\"openDuration\":\"0\",\"closeDuration\":\"0\"},\"status\":true},\"Tablet\":{\"Initial\":[],\"Triggered\":[],\"Animations\":[],\"status\":false},\"Mobile\":{\"Initial\":[],\"Triggered\":[],\"Animations\":[],\"status\":false},\"type\":\"expand\",\"placement\":\"default\"}','{\"ga_id\":\"UA-12310597-73\",\"hex\":\"#000000\"}',NULL,36,1,1,'2013-10-03 15:37:47','2013-10-04 10:03:47',1,0);

/*!40000 ALTER TABLE `origin_ads` ENABLE KEYS */;
UNLOCK TABLES;


# Dump of table origin_components
# ------------------------------------------------------------

DROP TABLE IF EXISTS `origin_components`;

CREATE TABLE `origin_components` (
  `id` int(11) unsigned NOT NULL AUTO_INCREMENT,
  `name` varchar(100) DEFAULT NULL,
  `alias` varchar(100) DEFAULT NULL,
  `group` varchar(100) DEFAULT NULL,
  `content` text,
  `config` text,
  `create_date` timestamp NOT NULL DEFAULT CURRENT_TIMESTAMP,
  `modify_date` timestamp NULL DEFAULT NULL,
  `create_by` int(11) DEFAULT NULL,
  `modify_by` int(11) DEFAULT NULL,
  `status` int(11) DEFAULT '1',
  PRIMARY KEY (`id`)
) ENGINE=InnoDB DEFAULT CHARSET=latin1;

LOCK TABLES `origin_components` WRITE;
/*!40000 ALTER TABLE `origin_components` DISABLE KEYS */;

INSERT INTO `origin_components` (`id`, `name`, `alias`, `group`, `content`, `config`, `create_date`, `modify_date`, `create_by`, `modify_by`, `status`)
VALUES
	(1,'Embed','embed','embed','{\"alias\":\"embed\",\"description\":\"Embed code\"}','{\"img_icon\":\"\\/img\\/components\\/embed.png\",\"group\":\"embed\"}','2013-03-28 23:10:31','2013-04-21 16:28:26',1,1,1),
	(3,'Link','link','cta','{\"alias\":\"link\",\"description\":\"Click-out link\"}','{\"img_icon\":\"\\/img\\/components\\/link.png\",\"group\":\"link\"}','2013-04-07 21:45:18','2013-04-10 17:40:11',1,1,1),
	(4,'Toggle','toggle','cta','{\"description\":\"Switch between initial and triggered state\"}','{\"img_icon\":\"\\/img\\/components\\/toggle.png\",\"group\":\"cta\"}','2013-04-07 21:45:51','2013-07-23 14:26:04',1,1,1),
	(5,'Image','image','media','{\"description\":\"Image\"}','{\"img_icon\":\"\\/img\\/components\\/image.png\",\"group\":\"media\"}','2013-04-08 15:45:06','2013-04-08 15:45:06',1,1,1),
	(7,'DoubleClick Link','dfp-link','cta','{\"description\":\"DoubleClick pass-thru link\"}','{\"group\":\"link\",\"img_icon\":\"\\/img\\/components\\/dc.png\"}','2013-04-10 11:25:22','2013-04-21 16:43:27',1,1,1),
	(10,'Background','background','media','{\"description\":\"Sets the current ad unit state\'s background image\"}','{\"img_icon\":\"\\/img\\/components\\/background.png\"}','2013-04-18 17:07:54','2013-09-29 19:17:39',1,1,1),
	(11,'Springboard','springboard','media','{\"description\":\"Springboard Video plugin\"}','{\"img_icon\":\"\\/img\\/components\\/springboard.png\"}','2013-05-21 14:58:50','2013-07-29 14:08:37',1,1,1);

/*!40000 ALTER TABLE `origin_components` ENABLE KEYS */;
UNLOCK TABLES;


# Dump of table origin_demos
# ------------------------------------------------------------

DROP TABLE IF EXISTS `origin_demos`;

CREATE TABLE `origin_demos` (
  `id` int(11) unsigned NOT NULL AUTO_INCREMENT,
  `origin_ad_id` int(11) DEFAULT NULL,
  `name` varchar(100) DEFAULT NULL,
  `alias` varchar(100) DEFAULT NULL,
  `config` text,
  `render` text,
  `create_date` timestamp NOT NULL DEFAULT CURRENT_TIMESTAMP,
  `modify_date` timestamp NULL DEFAULT NULL,
  `create_by` int(11) DEFAULT NULL,
  `modify_by` int(11) DEFAULT NULL,
  `status` int(11) DEFAULT '1',
  PRIMARY KEY (`id`)
) ENGINE=InnoDB DEFAULT CHARSET=latin1;

LOCK TABLES `origin_demos` WRITE;
/*!40000 ALTER TABLE `origin_demos` DISABLE KEYS */;

INSERT INTO `origin_demos` (`id`, `origin_ad_id`, `name`, `alias`, `config`, `render`, `create_date`, `modify_date`, `create_by`, `modify_by`, `status`)
VALUES
	(62,16,'Transistor - Origin Template','JinsP0','{\"placement\":\"embedSidebar\",\"reskin_color\":\"#\",\"reskin_img\":\"\",\"templateAlias\":\"origin\"}','<script type=\"text/javascript\" id=\"originEmbed-16\">		\n	(function() {\n		var originOptions = {\n			auto: 	\'0\',\n			close: 	\'0\',\n			id:		\'16\',\n			platforms:{\'desktop\': true, \'tablet\': false, \'mobile\': false},\n			template:\'nova\',\n			domain:	\'local.evolveorigin\'\n		};\n		if(window.origin) {\n			if(typeof origin == \'function\') {\n				new origin(originOptions);\n			} else {\n				origin.push(originOptions);\n			}\n		} else {\n			origin = [originOptions];\n			s = document.createElement(\'script\');\n			s.type=\'text/javascript\';\n			s.async=true;\n			s.src=\'http://local.evolveorigin/min-js?f=/js/ad/origin.js\';\n			s1 = document.getElementsByTagName(\'script\')[0];\n			s1.parentNode.insertBefore(s, s1);\n		}\n	})();\n</script>\n','2013-07-16 18:10:12','2013-07-17 10:31:08',1,1,0),
	(63,30,'GR Test','w2WgHP','{\"placement\":\"embedLeaderboard\",\"templateAlias\":\"gamerevolution\"}','<script type=\"text/javascript\" id=\"originEmbed-30\">		\n	(function() {\n		var originOptions = {\n			auto: 	\'0\',\n			close: 	\'0\',\n			id:		\'30\',\n			platforms:{\'desktop\': true, \'tablet\': false, \'mobile\': false},\n			placement:\'\'\n			//adtype:	\'\',\n			//domain:	\'local.evolveorigin\'\n		};\n		if(window.origin) {\n			if(typeof origin == \'function\') {\n				new origin(originOptions);\n			} else {\n				origin.push(originOptions);\n			}\n		} else {\n			origin = [originOptions];\n			s = document.createElement(\'script\');\n			s.type=\'text/javascript\';\n			s.async=true;\n			s.src=\'http://local.evolveorigin/js/ad/origin-ad.js\';\n			//s.src=\'http://local.evolveorigin/min-js?f=/js/ad/origin.js\';\n			s1 = document.getElementsByTagName(\'script\')[0];\n			s1.parentNode.insertBefore(s, s1);\n		}\n	})();\n</script>\n','2013-08-29 15:10:22','2013-08-29 15:10:22',1,1,0);

/*!40000 ALTER TABLE `origin_demos` ENABLE KEYS */;
UNLOCK TABLES;


# Dump of table origin_sites
# ------------------------------------------------------------

DROP TABLE IF EXISTS `origin_sites`;

CREATE TABLE `origin_sites` (
  `id` int(11) unsigned NOT NULL AUTO_INCREMENT,
  `name` varchar(100) DEFAULT NULL,
  `alias` varchar(100) DEFAULT NULL,
  `content` text,
  `config` text,
  `create_date` timestamp NOT NULL DEFAULT CURRENT_TIMESTAMP,
  `modify_date` timestamp NULL DEFAULT NULL,
  `create_by` int(11) DEFAULT NULL,
  `modify_by` int(11) DEFAULT NULL,
  `status` int(11) DEFAULT '1',
  PRIMARY KEY (`id`)
) ENGINE=InnoDB DEFAULT CHARSET=latin1;

LOCK TABLES `origin_sites` WRITE;
/*!40000 ALTER TABLE `origin_sites` DISABLE KEYS */;

INSERT INTO `origin_sites` (`id`, `name`, `alias`, `content`, `config`, `create_date`, `modify_date`, `create_by`, `modify_by`, `status`)
VALUES
	(1,'Origin','origin',NULL,NULL,'2013-04-15 21:30:33','2013-04-15 21:57:59',1,1,1),
	(2,'CraveOnline','craveonline','{\"description\":\"CraveOnline demo site\"}','[]','2013-04-15 21:58:40','2013-04-15 22:07:23',1,1,1),
	(3,'GameRevolution','gamerevolution','{\"description\":\"Game Revolution demo site.\"}','[]','2013-04-15 22:07:38','2013-05-24 14:25:19',1,1,1),
	(4,'Cinemablend','cinemablend','{\"description\":\"Cinemablend\"}',NULL,'2013-05-24 12:14:25','2013-05-24 12:14:25',1,1,1),
	(5,'TheFashionSpot','thefashionspot','{\"description\":\"TFS\"}',NULL,'2013-05-24 12:14:34','2013-05-24 12:14:34',1,1,1),
	(6,'anemul','anemul','{\"description\":\"anemul\"}',NULL,'2013-05-24 13:46:52','2013-08-26 15:05:42',1,1,0);

/*!40000 ALTER TABLE `origin_sites` ENABLE KEYS */;
UNLOCK TABLES;


# Dump of table origin_templates
# ------------------------------------------------------------

DROP TABLE IF EXISTS `origin_templates`;

CREATE TABLE `origin_templates` (
  `id` int(11) unsigned NOT NULL AUTO_INCREMENT,
  `name` varchar(100) DEFAULT NULL,
  `content` text,
  `config` text,
  `create_date` timestamp NOT NULL DEFAULT CURRENT_TIMESTAMP,
  `modify_date` timestamp NULL DEFAULT NULL,
  `create_by` int(11) DEFAULT NULL,
  `modify_by` int(11) DEFAULT NULL,
  `status` int(11) DEFAULT '1',
  PRIMARY KEY (`id`)
) ENGINE=InnoDB DEFAULT CHARSET=latin1;

LOCK TABLES `origin_templates` WRITE;
/*!40000 ALTER TABLE `origin_templates` DISABLE KEYS */;

INSERT INTO `origin_templates` (`id`, `name`, `content`, `config`, `create_date`, `modify_date`, `create_by`, `modify_by`, `status`)
VALUES
	(25,'INgage','{\"description\":\"In page unit that can contain a variety of content pieces\"}','{\"type\":\"inpage\",\"dimensions\":{\"Initial\":{\"Desktop\":{\"width\":\"300\",\"height\":\"600\"}},\"Triggered\":{\"Desktop\":{\"width\":\"0\",\"height\":\"0\"}}}}','2013-05-01 18:02:35','2013-05-24 16:12:49',1,1,0),
	(26,'Discovery','{\"description\":\"Editorial content piece. Allows ease of sharing.\"}','{\"type\":\"inpage\"}','2013-05-02 16:24:35','2013-07-24 14:25:02',1,1,0),
	(31,'Aurora','{\"description\":\"Live reskin template\"}','{\"dimensions\":{\"Initial\":{\"Desktop\":{\"width\":\"1680\",\"height\":\"760\"}},\"Triggered\":{\"Desktop\":{\"width\":\"0\",\"height\":\"0\"}}},\"animations\":{\"trigger\":\"Expand\",\"selector\":\"originAurora\",\"start\":\"0\",\"end\":\"0\",\"openDuration\":\"0\",\"closeDuration\":\"0\"}}','2013-06-29 19:40:45','2013-08-15 10:59:02',1,1,0),
	(33,'Sliver','{\"description\":\"This out-of-page unit appears inline at the top of the site. Triggering the ad will pushdown the site to reveal the ad\'s creative\",\"file_storyboard\":\"\\/assets\\/templates\\/horizon.gif\",\"file_guideline\":\"\\/assets\\/templates\\/preview-horizon.jpg\"}','{\"Desktop\":{\"Initial\":{\"width\":\"1500\",\"height\":\"66\"},\"Triggered\":{\"width\":\"1500\",\"height\":\"415\"},\"Animations\":{\"selector\":\"triggered\",\"start\":\"66\",\"end\":\"0\",\"openDuration\":\"500\",\"closeDuration\":\"300\"},\"status\":true},\"Tablet\":{\"Initial\":[],\"Triggered\":[],\"Animations\":[],\"status\":false},\"Mobile\":{\"Initial\":[],\"Triggered\":[],\"Animations\":[],\"status\":false},\"type\":\"expand\",\"placement\":\"top\"}','2013-08-15 11:01:03','2013-08-15 11:01:03',1,1,1),
	(34,'Pushdown','{\"description\":\"Based on the IAB Pushdown, unit lives inline with the site content. The triggered state will pushdown the site, revealing it\'s contents.\",\"file_storyboard\":\"\\/assets\\/templates\\/eclipse-2.gif\",\"file_guideline\":\"\\/assets\\/templates\\/preview-eclipse.jpg\"}','{\"Desktop\":{\"Initial\":{\"width\":\"970\",\"height\":\"66\"},\"Triggered\":{\"width\":\"970\",\"height\":\"415\"},\"Animations\":{\"selector\":\"triggered\",\"start\":\"66\",\"end\":\"0\",\"openDuration\":\"500\",\"closeDuration\":\"300\"},\"status\":true},\"Tablet\":{\"Initial\":[],\"Triggered\":[],\"Animations\":[],\"status\":true},\"Mobile\":{\"Initial\":[],\"Triggered\":[],\"Animations\":[],\"status\":true},\"type\":\"expand\",\"placement\":\"default\"}','2013-08-15 11:05:25','2013-08-15 11:05:25',1,1,1),
	(35,'Billboard','{\"description\":\"Large billboard running the full width of the page with full close ability.\",\"file_guideline\":\"\\/assets\\/templates\\/preview-singularity.jpg\"}','{\"Desktop\":{\"Initial\":{\"width\":\"970\",\"height\":\"250\"},\"Triggered\":{\"width\":\"100\",\"height\":\"50\"},\"Animations\":{\"selector\":\"triggered\",\"start\":\"250\",\"end\":\"0\",\"openDuration\":\"0\",\"closeDuration\":\"0\"},\"status\":true},\"Tablet\":{\"Initial\":[],\"Triggered\":[],\"Animations\":[],\"status\":false},\"Mobile\":{\"Initial\":[],\"Triggered\":[],\"Animations\":[],\"status\":false},\"type\":\"expand\",\"placement\":\"default\"}','2013-08-15 11:09:10','2013-08-15 11:09:10',1,1,1),
	(36,'Billboard Plus','{\"description\":\"Billboard Plus\",\"file_guideline\":\"\\/assets\\/templates\\/preview-singularity-a.jpg\"}','{\"Desktop\":{\"Initial\":{\"width\":\"970\",\"height\":\"300\"},\"Triggered\":{\"width\":\"970\",\"height\":\"66\"},\"Animations\":{\"selector\":\"triggered\",\"start\":\"300\",\"end\":\"0\",\"openDuration\":\"0\",\"closeDuration\":\"0\"},\"status\":true},\"Tablet\":{\"Initial\":[],\"Triggered\":[],\"Animations\":[],\"status\":false},\"Mobile\":{\"Initial\":[],\"Triggered\":[],\"Animations\":[],\"status\":false},\"type\":\"expand\",\"placement\":\"default\"}','2013-08-15 11:09:46','2013-08-15 11:09:46',1,1,1),
	(37,'Prestitial','{\"description\":\"Unit appears upon page load\"}','{\"Desktop\":{\"Initial\":{\"width\":\"850\",\"height\":\"500\"},\"Triggered\":[],\"Animations\":{\"timer\":\"15\"},\"status\":true},\"Tablet\":{\"Initial\":[],\"Triggered\":[],\"Animations\":[],\"status\":false},\"Mobile\":{\"Initial\":[],\"Triggered\":[],\"Animations\":[],\"status\":false},\"type\":\"prestitial\",\"placement\":\"default\"}','2013-08-15 11:10:54','2013-08-15 11:10:54',1,1,1),
	(38,'Interstitial','{\"description\":\"Unit appears upon clicking an internal site link.\"}','{\"Desktop\":{\"Initial\":{\"width\":\"850\",\"height\":\"500\"},\"Triggered\":[],\"Animations\":{\"timer\":\"15\"},\"status\":true},\"Tablet\":{\"Initial\":[],\"Triggered\":[],\"Animations\":[],\"status\":false},\"Mobile\":{\"Initial\":[],\"Triggered\":[],\"Animations\":[],\"status\":false},\"type\":\"interstitial\",\"placement\":\"default\"}','2013-08-15 11:11:23','2013-08-15 11:11:23',1,1,1),
	(39,'Adhesion','{\"description\":\"Adhesion unit.\"}','{\"type\":\"overlay\",\"placement\":\"bottom\",\"dimensions\":{\"Initial\":{\"Desktop\":{\"width\":\"970\",\"height\":\"66\"}},\"Triggered\":{\"Desktop\":{\"width\":\"970\",\"height\":\"600\"}}}}','2013-08-15 11:12:09','2013-08-15 11:12:09',1,1,1),
	(40,'Branded Canvas','{\"description\":\"Branded canvas\",\"file_guideline\":\"\\/assets\\/templates\\/preview-nova-300.jpg\"}','{\"Desktop\":{\"Initial\":{\"width\":\"300\",\"height\":\"250\"},\"Triggered\":{\"width\":\"950\",\"height\":\"500\"},\"Animations\":[],\"status\":true},\"Tablet\":{\"Initial\":[],\"Triggered\":[],\"Animations\":[],\"status\":false},\"Mobile\":{\"Initial\":[],\"Triggered\":[],\"Animations\":[],\"status\":false},\"type\":\"overlay\",\"placement\":\"default\"}','2013-08-15 11:15:22','2013-08-15 11:15:22',1,1,1),
	(41,'Overlay - Leaderboard','{\"description\":\"728x90 Overlay\"}','{\"Desktop\":{\"Initial\":{\"width\":\"728\",\"height\":\"90\"},\"Triggered\":{\"width\":\"950\",\"height\":\"500\"},\"Animations\":[],\"status\":true},\"Tablet\":{\"Initial\":[],\"Triggered\":[],\"Animations\":[],\"status\":false},\"Mobile\":{\"Initial\":[],\"Triggered\":[],\"Animations\":[],\"status\":false},\"type\":\"overlay\",\"placement\":\"default\"}','2013-08-15 11:15:55','2013-08-15 11:15:55',1,1,1),
	(42,'Syndi','{\"description\":\"300x250\"}','{\"type\":\"default\",\"placement\":\"default\",\"dimensions\":{\"Initial\":{\"Desktop\":{\"width\":\"300\",\"height\":\"250\"}}}}','2013-08-15 11:17:02','2013-08-15 11:17:02',1,1,0),
	(43,'Super Syndi','{\"description\":\"300x600\"}','{\"type\":\"default\",\"placement\":\"default\",\"dimensions\":{\"Initial\":{\"Desktop\":{\"width\":\"300\",\"height\":\"600\"}}}}','2013-08-15 11:17:15','2013-08-15 11:17:15',1,1,0);

/*!40000 ALTER TABLE `origin_templates` ENABLE KEYS */;
UNLOCK TABLES;


# Dump of table user_group_permissions
# ------------------------------------------------------------

DROP TABLE IF EXISTS `user_group_permissions`;

CREATE TABLE `user_group_permissions` (
  `id` int(10) unsigned NOT NULL AUTO_INCREMENT,
  `user_group_id` int(10) unsigned NOT NULL,
  `controller` varchar(50) CHARACTER SET latin1 COLLATE latin1_general_ci NOT NULL,
  `action` varchar(100) CHARACTER SET latin1 COLLATE latin1_general_ci NOT NULL,
  `allowed` tinyint(1) unsigned NOT NULL DEFAULT '1',
  PRIMARY KEY (`id`)
) ENGINE=MyISAM DEFAULT CHARSET=latin1;

LOCK TABLES `user_group_permissions` WRITE;
/*!40000 ALTER TABLE `user_group_permissions` DISABLE KEYS */;

INSERT INTO `user_group_permissions` (`id`, `user_group_id`, `controller`, `action`, `allowed`)
VALUES
	(1,1,'Pages','display',1),
	(2,2,'Pages','display',1),
	(3,3,'Pages','display',1),
	(4,1,'UserGroupPermissions','index',1),
	(5,2,'UserGroupPermissions','index',0),
	(6,3,'UserGroupPermissions','index',0),
	(7,1,'UserGroupPermissions','update',1),
	(8,2,'UserGroupPermissions','update',0),
	(9,3,'UserGroupPermissions','update',0),
	(10,1,'UserGroups','index',1),
	(11,2,'UserGroups','index',0),
	(12,3,'UserGroups','index',0),
	(13,1,'UserGroups','addGroup',1),
	(14,2,'UserGroups','addGroup',0),
	(15,3,'UserGroups','addGroup',0),
	(16,1,'UserGroups','editGroup',1),
	(17,2,'UserGroups','editGroup',0),
	(18,3,'UserGroups','editGroup',0),
	(19,1,'UserGroups','deleteGroup',1),
	(20,2,'UserGroups','deleteGroup',0),
	(21,3,'UserGroups','deleteGroup',0),
	(22,1,'Users','index',1),
	(23,2,'Users','index',1),
	(24,3,'Users','index',0),
	(25,1,'Users','viewUser',1),
	(26,2,'Users','viewUser',0),
	(27,3,'Users','viewUser',0),
	(28,1,'Users','myprofile',1),
	(29,2,'Users','myprofile',1),
	(30,3,'Users','myprofile',0),
	(31,1,'Users','login',1),
	(32,2,'Users','login',1),
	(33,3,'Users','login',1),
	(34,1,'Users','logout',1),
	(35,2,'Users','logout',1),
	(36,3,'Users','logout',1),
	(37,1,'Users','register',1),
	(38,2,'Users','register',1),
	(39,3,'Users','register',1),
	(40,1,'Users','changePassword',1),
	(41,2,'Users','changePassword',1),
	(42,3,'Users','changePassword',0),
	(43,1,'Users','changeUserPassword',1),
	(44,2,'Users','changeUserPassword',0),
	(45,3,'Users','changeUserPassword',0),
	(46,1,'Users','addUser',1),
	(47,2,'Users','addUser',0),
	(48,3,'Users','addUser',0),
	(49,1,'Users','editUser',1),
	(50,2,'Users','editUser',0),
	(51,3,'Users','editUser',0),
	(52,1,'Users','dashboard',1),
	(53,2,'Users','dashboard',1),
	(54,3,'Users','dashboard',0),
	(55,1,'Users','deleteUser',1),
	(56,2,'Users','deleteUser',0),
	(57,3,'Users','deleteUser',0),
	(58,1,'Users','makeActive',1),
	(59,2,'Users','makeActive',0),
	(60,3,'Users','makeActive',0),
	(61,1,'Users','accessDenied',1),
	(62,2,'Users','accessDenied',1),
	(63,3,'Users','accessDenied',1),
	(64,1,'Users','userVerification',1),
	(65,2,'Users','userVerification',1),
	(66,3,'Users','userVerification',1),
	(67,1,'Users','forgotPassword',1),
	(68,2,'Users','forgotPassword',1),
	(69,3,'Users','forgotPassword',1),
	(70,1,'Users','makeActiveInactive',1),
	(71,2,'Users','makeActiveInactive',0),
	(72,3,'Users','makeActiveInactive',0),
	(73,1,'Users','verifyEmail',1),
	(74,2,'Users','verifyEmail',0),
	(75,3,'Users','verifyEmail',0),
	(76,1,'Users','activatePassword',1),
	(77,2,'Users','activatePassword',1),
	(78,3,'Users','activatePassword',1),
	(79,1,'Creator','index',1),
	(80,2,'Creator','index',1),
	(81,3,'Creator','index',0),
	(82,1,'Origin','index',1),
	(83,2,'Origin','index',1),
	(84,3,'Origin','index',0),
	(85,1,'Creator','jsonList',1),
	(86,2,'Creator','jsonList',1),
	(87,3,'Creator','jsonList',1),
	(88,1,'Creator','edit',1),
	(89,2,'Creator','edit',1),
	(90,3,'Creator','edit',0),
	(91,1,'Creator','adList',1),
	(92,2,'Creator','adList',0),
	(93,3,'Creator','adList',0),
	(94,1,'Origin','templateList',1),
	(95,2,'Origin','templateList',0),
	(96,3,'Origin','templateList',0),
	(97,4,'Origin','templateList',0),
	(98,4,'Users','index',0),
	(99,1,'Origin','ad',1),
	(100,2,'Origin','ad',1),
	(101,3,'Origin','ad',1),
	(102,4,'Origin','ad',1),
	(103,5,'Origin','ad',1),
	(104,1,'Origin','adIframe',1),
	(105,2,'Origin','adIframe',1),
	(106,3,'Origin','adIframe',1),
	(107,4,'Origin','adIframe',1),
	(108,5,'Origin','adIframe',1),
	(109,1,'Origin','post',1),
	(110,2,'Origin','post',1),
	(111,3,'Origin','post',1),
	(112,4,'Origin','post',1),
	(113,5,'Origin','post',1),
	(114,1,'Origin','upload',1),
	(115,2,'Origin','upload',1),
	(116,3,'Origin','upload',0),
	(117,4,'Origin','upload',1),
	(118,5,'Origin','upload',1),
	(119,4,'Origin','index',1),
	(120,5,'Origin','index',1),
	(121,1,'Origin','templateEdit',1),
	(122,2,'Origin','templateEdit',0),
	(123,3,'Origin','templateEdit',0),
	(124,4,'Origin','templateEdit',0),
	(125,5,'Origin','templateEdit',0),
	(126,1,'Origin','guidelines',1),
	(127,2,'Origin','guidelines',1),
	(128,3,'Origin','guidelines',1),
	(129,4,'Origin','guidelines',1),
	(130,5,'Origin','guidelines',1),
	(131,1,'Origin','componentList',1),
	(132,2,'Origin','componentList',1),
	(133,3,'Origin','componentList',0),
	(134,4,'Origin','componentList',1),
	(135,5,'Origin','componentList',1),
	(136,1,'Origin','loadComponent',1),
	(137,2,'Origin','loadComponent',1),
	(138,3,'Origin','loadComponent',0),
	(139,4,'Origin','loadComponent',1),
	(140,5,'Origin','loadComponent',1),
	(272,1,'Origin','adminTemplateList',1),
	(141,5,'Origin','templateList',0),
	(142,1,'Origin','demo',1),
	(143,2,'Origin','demo',1),
	(144,3,'Origin','demo',1),
	(145,4,'Origin','demo',1),
	(146,5,'Origin','demo',1),
	(147,1,'Origin','demoList',1),
	(148,2,'Origin','demoList',1),
	(149,3,'Origin','demoList',1),
	(150,4,'Origin','demoList',1),
	(151,5,'Origin','demoList',1),
	(152,1,'Origin','demoEdit',1),
	(153,2,'Origin','demoEdit',1),
	(154,3,'Origin','demoEdit',0),
	(155,4,'Origin','demoEdit',1),
	(156,5,'Origin','demoEdit',1),
	(157,1,'Origin','demoOrigin',1),
	(158,2,'Origin','demoOrigin',1),
	(159,3,'Origin','demoOrigin',1),
	(160,4,'Origin','demoOrigin',1),
	(161,5,'Origin','demoOrigin',1),
	(162,1,'Origin','demoLoadTemplate',1),
	(163,2,'Origin','demoLoadTemplate',1),
	(164,3,'Origin','demoLoadTemplate',1),
	(165,4,'Origin','demoLoadTemplate',1),
	(166,5,'Origin','demoLoadTemplate',1),
	(167,1,'Origin','demoManager',1),
	(168,2,'Origin','demoManager',1),
	(169,3,'Origin','demoManager',0),
	(170,4,'Origin','demoManager',1),
	(171,5,'Origin','demoManager',1),
	(172,1,'Origin','siteList',1),
	(173,2,'Origin','siteList',1),
	(174,3,'Origin','siteList',0),
	(175,4,'Origin','siteList',1),
	(176,5,'Origin','siteList',1),
	(177,1,'Origin','settings',1),
	(178,2,'Origin','settings',0),
	(179,3,'Origin','settings',0),
	(180,4,'Origin','settings',0),
	(181,5,'Origin','settings',0),
	(182,1,'Origin','dashboardAccess',1),
	(183,2,'Origin','dashboardAccess',0),
	(184,3,'Origin','dashboardAccess',0),
	(185,4,'Origin','dashboardAccess',0),
	(186,5,'Origin','dashboardAccess',0),
	(187,1,'Origin','jsonActivity',1),
	(188,2,'Origin','jsonActivity',1),
	(189,3,'Origin','jsonActivity',0),
	(190,4,'Origin','jsonActivity',1),
	(191,5,'Origin','jsonActivity',1),
	(192,1,'Origin','edit',1),
	(193,2,'Origin','edit',1),
	(194,3,'Origin','edit',0),
	(195,4,'Origin','edit',0),
	(196,5,'Origin','edit',0),
	(197,1,'Origin','ad_list',1),
	(198,2,'Origin','ad_list',1),
	(199,3,'Origin','ad_list',0),
	(200,4,'Origin','ad_list',1),
	(201,5,'Origin','ad_list',1),
	(202,1,'Origin','jsonTemplate',1),
	(203,2,'Origin','jsonTemplate',1),
	(204,3,'Origin','jsonTemplate',0),
	(205,4,'Origin','jsonTemplate',1),
	(206,5,'Origin','jsonTemplate',1),
	(207,1,'Origin','jsonSite',1),
	(208,2,'Origin','jsonSite',1),
	(209,3,'Origin','jsonSite',0),
	(210,4,'Origin','jsonSite',1),
	(211,5,'Origin','jsonSite',1),
	(212,1,'Origin','jsonComponent',1),
	(213,2,'Origin','jsonComponent',1),
	(214,3,'Origin','jsonComponent',0),
	(215,4,'Origin','jsonComponent',1),
	(216,5,'Origin','jsonComponent',1),
	(217,1,'Origin','jsonList',1),
	(218,2,'Origin','jsonList',1),
	(219,3,'Origin','jsonList',0),
	(220,4,'Origin','jsonList',1),
	(221,5,'Origin','jsonList',1),
	(222,1,'Origin','jsonLibrary',1),
	(223,2,'Origin','jsonLibrary',1),
	(224,3,'Origin','jsonLibrary',0),
	(225,4,'Origin','jsonLibrary',1),
	(226,5,'Origin','jsonLibrary',1),
	(227,1,'Origin','jsonDemo',1),
	(228,2,'Origin','jsonDemo',1),
	(229,3,'Origin','jsonDemo',0),
	(230,4,'Origin','jsonDemo',1),
	(231,5,'Origin','jsonDemo',1),
	(232,1,'Origin','jsonAdTemplate',1),
	(233,2,'Origin','jsonAdTemplate',1),
	(234,3,'Origin','jsonAdTemplate',0),
	(235,4,'Origin','jsonAdTemplate',1),
	(236,5,'Origin','jsonAdTemplate',1),
	(237,1,'Origin','jsonAdUnit',1),
	(238,2,'Origin','jsonAdUnit',1),
	(239,3,'Origin','jsonAdUnit',1),
	(240,4,'Origin','jsonAdUnit',1),
	(241,5,'Origin','jsonAdUnit',1),
	(242,1,'Origin','jsonListShowcase',1),
	(243,2,'Origin','jsonListShowcase',1),
	(244,3,'Origin','jsonListShowcase',1),
	(245,4,'Origin','jsonListShowcase',1),
	(246,5,'Origin','jsonListShowcase',1),
	(247,1,'Origin','jsonTemplateHome',1),
	(248,2,'Origin','jsonTemplateHome',1),
	(249,3,'Origin','jsonTemplateHome',1),
	(250,4,'Origin','jsonTemplateHome',1),
	(251,5,'Origin','jsonTemplateHome',1),
	(252,1,'Origin','demoCreate',1),
	(253,2,'Origin','demoCreate',1),
	(254,3,'Origin','demoCreate',0),
	(255,4,'Origin','demoCreate',1),
	(256,5,'Origin','demoCreate',1),
	(257,1,'Origin','demoDelete',1),
	(258,2,'Origin','demoDelete',1),
	(259,3,'Origin','demoDelete',0),
	(260,4,'Origin','demoDelete',0),
	(261,5,'Origin','demoDelete',0),
	(262,1,'Origin','jsonAdUnitExpand',1),
	(263,2,'Origin','jsonAdUnitExpand',1),
	(264,3,'Origin','jsonAdUnitExpand',0),
	(265,4,'Origin','jsonAdUnitExpand',1),
	(266,5,'Origin','jsonAdUnitExpand',1),
	(267,1,'Origin','adEmbed',1),
	(268,2,'Origin','adEmbed',1),
	(269,3,'Origin','adEmbed',0),
	(270,4,'Origin','adEmbed',1),
	(271,5,'Origin','adEmbed',1),
	(273,2,'Origin','adminTemplateList',0),
	(274,3,'Origin','adminTemplateList',0),
	(275,4,'Origin','adminTemplateList',0),
	(276,5,'Origin','adminTemplateList',0),
	(277,1,'Origin','adminComponentList',1),
	(278,2,'Origin','adminComponentList',0),
	(279,3,'Origin','adminComponentList',0),
	(280,4,'Origin','adminComponentList',0),
	(281,5,'Origin','adminComponentList',0),
	(282,1,'Origin','adminSiteList',1),
	(283,2,'Origin','adminSiteList',0),
	(284,3,'Origin','adminSiteList',0),
	(285,4,'Origin','adminSiteList',0),
	(286,5,'Origin','adminSiteList',0),
	(287,1,'Origin','platformPost',1),
	(288,2,'Origin','platformPost',1),
	(289,3,'Origin','platformPost',0),
	(290,4,'Origin','platformPost',1),
	(291,5,'Origin','platformPost',1),
	(292,1,'Origin','platformUpload',1),
	(293,2,'Origin','platformUpload',1),
	(294,3,'Origin','platformUpload',0),
	(295,4,'Origin','platformUpload',1),
	(296,5,'Origin','platformUpload',1),
	(297,1,'Origin','platformLoadElement',1),
	(298,2,'Origin','platformLoadElement',1),
	(299,3,'Origin','platformLoadElement',1),
	(300,4,'Origin','platformLoadElement',1),
	(301,5,'Origin','platformLoadElement',1),
	(302,1,'Origin','jsonHomepage',1),
	(303,2,'Origin','jsonHomepage',1),
	(304,3,'Origin','jsonHomepage',1),
	(305,4,'Origin','jsonHomepage',1),
	(306,5,'Origin','jsonHomepage',1),
	(307,1,'Origin','adminSettings',1),
	(308,2,'Origin','adminSettings',0),
	(309,3,'Origin','adminSettings',0),
	(310,4,'Origin','adminSettings',0),
	(311,5,'Origin','adminSettings',0),
	(312,1,'Origin','creatorAdList',1),
	(313,2,'Origin','creatorAdList',1),
	(314,3,'Origin','creatorAdList',0),
	(315,4,'Origin','creatorAdList',1),
	(316,5,'Origin','creatorAdList',1),
	(317,1,'Origin','creatorAdEdit',1),
	(318,2,'Origin','creatorAdEdit',1),
	(319,3,'Origin','creatorAdEdit',0),
	(320,4,'Origin','creatorAdEdit',0),
	(321,5,'Origin','creatorAdEdit',1),
	(322,1,'Origin','platformAdEmbed',1),
	(323,2,'Origin','platformAdEmbed',1),
	(324,3,'Origin','platformAdEmbed',0),
	(325,4,'Origin','platformAdEmbed',1),
	(326,5,'Origin','platformAdEmbed',1),
	(327,1,'Origin','platformRssFeed',1),
	(328,2,'Origin','platformRssFeed',1),
	(329,3,'Origin','platformRssFeed',1),
	(330,4,'Origin','platformRssFeed',1),
	(331,5,'Origin','platformRssFeed',1),
	(332,1,'Origin','platformLoadComponent',1),
	(333,2,'Origin','platformLoadComponent',1),
	(334,3,'Origin','platformLoadComponent',1),
	(335,4,'Origin','platformLoadComponent',1),
	(336,5,'Origin','platformLoadComponent',1);

/*!40000 ALTER TABLE `user_group_permissions` ENABLE KEYS */;
UNLOCK TABLES;


# Dump of table user_groups
# ------------------------------------------------------------

DROP TABLE IF EXISTS `user_groups`;

CREATE TABLE `user_groups` (
  `id` int(11) NOT NULL AUTO_INCREMENT,
  `name` varchar(100) DEFAULT NULL,
  `alias_name` varchar(100) DEFAULT NULL,
  `allowRegistration` int(1) NOT NULL DEFAULT '1',
  `created` datetime DEFAULT NULL,
  `modified` datetime DEFAULT NULL,
  PRIMARY KEY (`id`)
) ENGINE=MyISAM DEFAULT CHARSET=latin1;

LOCK TABLES `user_groups` WRITE;
/*!40000 ALTER TABLE `user_groups` DISABLE KEYS */;

INSERT INTO `user_groups` (`id`, `name`, `alias_name`, `allowRegistration`, `created`, `modified`)
VALUES
	(1,'System Administrator','superadmin',0,'2013-01-18 16:07:52','2013-03-20 19:37:28'),
	(2,'Developers','developers',0,'2013-01-18 16:07:52','2013-03-15 20:13:16'),
	(3,'Guest','Guest',0,'2013-01-18 16:07:52','2013-01-18 16:07:52'),
	(4,'Analytics','Analytics',1,'2013-03-15 20:13:49','2013-03-15 20:13:49'),
	(5,'Designers','designers',1,'2013-04-07 15:56:03','2013-04-07 15:56:03');

/*!40000 ALTER TABLE `user_groups` ENABLE KEYS */;
UNLOCK TABLES;


# Dump of table users
# ------------------------------------------------------------

DROP TABLE IF EXISTS `users`;

CREATE TABLE `users` (
  `id` int(11) NOT NULL AUTO_INCREMENT,
  `user_group_id` int(11) unsigned DEFAULT NULL,
  `username` varchar(100) DEFAULT NULL,
  `password` varchar(255) DEFAULT NULL,
  `salt` text,
  `email` varchar(100) DEFAULT NULL,
  `first_name` varchar(100) DEFAULT NULL,
  `last_name` varchar(100) DEFAULT NULL,
  `email_verified` int(1) DEFAULT '0',
  `active` int(1) NOT NULL DEFAULT '0',
  `ip_address` varchar(50) DEFAULT NULL,
  `created` datetime DEFAULT NULL,
  `modified` datetime DEFAULT NULL,
  PRIMARY KEY (`id`),
  KEY `user` (`username`),
  KEY `mail` (`email`),
  KEY `users_FKIndex1` (`user_group_id`)
) ENGINE=MyISAM DEFAULT CHARSET=latin1;

LOCK TABLES `users` WRITE;
/*!40000 ALTER TABLE `users` DISABLE KEYS */;

INSERT INTO `users` (`id`, `user_group_id`, `username`, `password`, `salt`, `email`, `first_name`, `last_name`, `email_verified`, `active`, `ip_address`, `created`, `modified`)
VALUES
	(1,1,'admin','b2fb79d2c626c626fe20a6f0935f8610','1ec19cc78624d8d4e7ec2e53c889666c','willie.fu@evolvemediallc.com','Admin','',1,1,'','2013-01-18 16:07:52','2013-04-07 20:07:24'),
	(7,2,'willie.fu','6b6e7dc3c8b1e5d8c2cb136ca97570d3','7e44879c0d3555975350f16ebc621f7b','willie.fu@gorillanation.com','Will','Fu',1,1,NULL,'2013-04-05 18:05:01','2013-07-23 15:09:55');

/*!40000 ALTER TABLE `users` ENABLE KEYS */;
UNLOCK TABLES;



/*!40111 SET SQL_NOTES=@OLD_SQL_NOTES */;
/*!40101 SET SQL_MODE=@OLD_SQL_MODE */;
/*!40014 SET FOREIGN_KEY_CHECKS=@OLD_FOREIGN_KEY_CHECKS */;
/*!40101 SET CHARACTER_SET_CLIENT=@OLD_CHARACTER_SET_CLIENT */;
/*!40101 SET CHARACTER_SET_RESULTS=@OLD_CHARACTER_SET_RESULTS */;
/*!40101 SET COLLATION_CONNECTION=@OLD_COLLATION_CONNECTION */;
